TimeStamp,Roll,Pitch,Yaw,AccX,AccY,velX,velY,DistX,DistY
57:55.7,3.187743682,-1.558901363,91.31821224,-0.00034859,-0.003211625,0,0,0,0
57:55.8,3.185147308,-1.552585659,91.29517091,0.001818849,-0.009333607,-1.74295E-05,-0.000160581,0,0
57:56.0,3.180785132,-1.554886842,91.28683864,0.004182322,0.001251146,7.35129E-05,-0.000627262,-8.71476E-07,-8.02906E-06
57:56.1,3.181304988,-1.556638776,91.26124481,0.001547447,-0.001887631,0.000282629,-0.000564704,2.80417E-06,-3.93921E-05
57:56.2,3.181723779,-1.562923535,91.25157635,-0.003044263,0.004609181,0.000360001,-0.000659086,1.69356E-05,-6.76274E-05
57:56.4,3.193091796,-1.559513241,91.22249267,-0.016649933,-0.007604454,0.000207788,-0.000428627,3.49357E-05,-0.000100582
57:56.5,3.189879893,-1.561877865,91.27380272,0.004686769,0.001206349,-0.000624708,-0.000808849,4.53251E-05,-0.000122013
57:56.6,3.177632599,-1.569803864,91.36901676,0.02032081,0.007557449,-0.00039037,-0.000748532,1.40897E-05,-0.000162455
57:56.7,3.181011246,-1.56661221,91.35122962,-0.00250878,-0.0093263,0.000625671,-0.00037066,-5.42881E-06,-0.000199882
57:56.8,3.193223325,-1.566624822,91.30794073,-0.015801115,-0.00266547,0.000500232,-0.000836975,2.58547E-05,-0.000218415
57:57.0,3.190076171,-1.576195268,91.31317894,0.004403261,0.012045152,-0.000289824,-0.000970248,5.08663E-05,-0.000260264
57:57.1,3.180636936,-1.584017837,91.24129217,0.013741874,0.009737438,-6.96611E-05,-0.000367991,3.63751E-05,-0.000308776
57:57.2,3.183488892,-1.580239209,91.27127951,-0.004183682,-0.005822483,0.000617433,0.000118881,3.2892E-05,-0.000327176
57:57.4,3.181714199,-1.593818906,91.27242425,-0.004676888,0.015141551,0.000408248,-0.000172243,6.37637E-05,-0.000321232
57:57.5,3.196492458,-1.586555885,91.2627626,-0.023935502,-0.016014645,0.000174404,0.000584835,8.41761E-05,-0.000329844
57:57.7,3.172932058,-1.58884775,91.31785662,0.034722743,0.003788495,-0.001022371,-0.000215897,9.28963E-05,-0.000300602
57:57.8,3.163187307,-1.590465741,91.31704828,0.009863047,-0.002141981,0.000713766,-2.64727E-05,4.17777E-05,-0.000311397
57:57.9,3.179311272,-1.594122515,91.18458132,-0.028696086,0.001990847,0.001206919,-0.000133572,7.74661E-05,-0.000312721
57:58.0,3.194461798,-1.57105039,91.21387781,-0.015010443,-0.036812998,-0.000227886,-3.40294E-05,0.000137812,-0.000319399
57:58.1,3.184568498,-1.580770115,91.18687963,0.014455204,0.010241737,-0.000978408,-0.001874679,0.000126418,-0.000321101
57:58.3,3.190178139,-1.586668364,91.14908199,-0.006149179,0.004089603,-0.000255648,-0.001362592,7.74973E-05,-0.000414835
57:58.3,3.183146053,-1.581908755,91.12873924,0.012946781,-0.008918026,-0.000563107,-0.001158112,6.47149E-05,-0.000482964
57:58.5,3.174306107,-1.587639404,91.09908067,0.010723753,0.006483631,8.42323E-05,-0.001604014,3.65596E-05,-0.00054087
57:58.6,3.15420987,-1.601532453,91.12321984,0.029597384,0.016739842,0.00062042,-0.001279832,4.07712E-05,-0.00062107
57:58.7,3.158634031,-1.588112838,91.08704728,-0.006124649,-0.022440867,0.002100289,-0.00044284,7.17922E-05,-0.000685062
57:58.8,3.158634031,-1.588112838,91.08704728,-0.020058635,-0.005731662,0.001794057,-0.001564883,0.000176807,-0.000707204
57:58.9,3.167305959,-1.583289042,91.06494977,-0.008260697,-0.009847651,0.000791125,-0.001851466,0.000266509,-0.000785448
57:59.0,3.166514143,-1.578224293,91.05637817,0.003524244,-0.007577912,0.00037809,-0.002343849,0.000306066,-0.000878022
57:59.1,3.161412095,-1.58250483,91.06494557,0.011860615,0.006319069,0.000554302,-0.002722745,0.00032497,-0.000995214
57:59.2,3.166411536,-1.572966884,91.09046827,-0.009405396,-0.016585589,0.001147333,-0.002406791,0.000352685,-0.001131351
57:59.3,3.176882741,-1.571407165,91.0929378,-0.01547534,-0.004877972,0.000677063,-0.003236071,0.000410052,-0.001251691
57:59.5,3.173230353,-1.56478998,91.08738145,0.010080995,-0.007359327,-9.67038E-05,-0.003479969,0.000443905,-0.001413494
57:59.5,3.192565852,-1.562080842,91.1486109,-0.024164928,-0.002116764,0.000407346,-0.003847936,0.00043907,-0.001587493
57:59.7,3.213709996,-1.574795669,91.11287294,-0.018255303,0.01371166,-0.0008009,-0.003953774,0.000459437,-0.00177989
57:59.7,3.234530344,-1.551357158,91.11069812,-0.014258114,-0.032461389,-0.001713666,-0.003268191,0.000419392,-0.001977578
57:59.9,3.192544761,-1.512384468,91.13558742,0.063404818,-0.056316385,-0.002426571,-0.00489126,0.000333709,-0.002140988
58:00.0,3.202417826,-1.558395367,91.08592227,-0.018318898,0.065913616,0.00074367,-0.007707079,0.00021238,-0.002385551
58:00.1,3.169416627,-1.533882644,91.04171464,0.045232789,-0.035394599,-0.000172275,-0.004411399,0.000249564,-0.002770905
58:00.2,3.117236964,-1.529622248,91.09411785,0.075183575,-0.00985315,0.002089364,-0.006181129,0.00024095,-0.002991475
58:00.3,3.132208228,-1.561948037,91.08174549,-0.0299571,0.044984034,0.005848543,-0.006673786,0.000345418,-0.003300531
58:00.4,3.148857516,-1.519506074,90.99735688,-0.022995854,-0.068055671,0.004350688,-0.004424584,0.000637845,-0.00363422
58:00.6,3.135876929,-1.53027618,91.01908491,0.021342347,0.014172023,0.003200895,-0.007827368,0.00085538,-0.00385545
58:00.7,3.144262121,-1.544197468,91.01792888,-0.012764531,0.018176843,0.004268012,-0.007118767,0.001015425,-0.004246818
58:00.8,3.151776738,-1.545141199,91.03327162,-0.008881312,-0.003394955,0.003629786,-0.006209925,0.001228825,-0.004602756
58:00.8,3.160592922,-1.545210048,91.00840622,-0.010770993,-0.002372796,0.00318572,-0.006379672,0.001410314,-0.004913253
58:00.9,3.156386566,-1.543888786,91.03500101,0.006308393,-0.00412248,0.002647171,-0.006498312,0.001569601,-0.005232236
58:01.1,3.155885142,-1.563509413,91.03851572,0.002578003,0.024667078,0.00296259,-0.006704436,0.001701959,-0.005557152
58:01.2,3.144254965,-1.557545451,91.03236351,0.010568947,-0.008781106,0.003091491,-0.005471082,0.001850089,-0.005892374
58:01.3,3.148118821,-1.546904355,91.00489829,-0.007635316,-0.018218399,0.003619938,-0.005910138,0.002004663,-0.006165928
58:01.4,3.149848706,-1.558989429,90.97281899,-0.00286305,0.018029098,0.003238172,-0.006821057,0.00218566,-0.006461435
58:01.5,3.154257873,-1.546947808,90.96880423,-0.006169511,-0.017838896,0.00309502,-0.005919603,0.002347569,-0.006802487
58:01.6,3.159938745,-1.557151487,90.94306459,-0.008773369,0.014861637,0.002786544,-0.006811547,0.00250232,-0.007098468
58:01.8,3.154765227,-1.560215876,90.98708001,0.007687522,0.000128547,0.002347876,-0.006068466,0.002641647,-0.007439045
58:01.9,3.147793317,-1.560497171,91.0152891,0.008043088,-0.001842809,0.002732252,-0.006062038,0.002759041,-0.007742468
58:01.9,3.159390684,-1.564096848,91.07416381,-0.017242179,0.002847313,0.003134406,-0.006154179,0.002895653,-0.00804557
58:02.0,3.156159045,-1.556523532,90.99089305,0.005124587,-0.010989483,0.002272297,-0.006011813,0.003052373,-0.008353279
58:02.2,3.153169682,-1.563382738,91.00504425,0.002105963,0.0080796,0.002528526,-0.006561287,0.003165988,-0.00865387
58:02.2,3.160553027,-1.561099791,91.00987487,-0.010952174,-0.003702751,0.002633825,-0.006157307,0.003292415,-0.008981934
58:02.4,3.149115367,-1.555982678,91.05666472,0.012586662,-0.009677147,0.002086216,-0.006342445,0.003424106,-0.009289799
58:02.6,3.150208941,-1.557140327,91.04982615,-0.003921019,0.001645574,0.002715549,-0.006826302,0.003528417,-0.009606922
58:02.7,3.151467644,-1.564051794,91.02673697,-0.004285861,0.007911831,0.002519498,-0.006744023,0.003664194,-0.009948237
58:02.8,3.156526423,-1.565055596,90.98765539,-0.005225011,-0.00088,0.002305205,-0.006348432,0.003790169,-0.010285438
58:02.9,3.160479864,-1.561740644,90.95666234,-0.003506737,-0.004990681,0.002043954,-0.006392432,0.003905429,-0.01060286
58:03.0,3.161701859,-1.562495327,91.00335317,0.000315822,0.000875248,0.001868618,-0.006641966,0.004007627,-0.010922481
58:03.1,3.161941693,-1.562943236,90.95614548,-0.00269644,0.000484441,0.001884409,-0.006598203,0.004101058,-0.011254579
58:03.2,3.163530412,-1.566222908,91.01643024,-0.006853779,0.002647348,0.001749587,-0.006573981,0.004195278,-0.01158449
58:03.3,3.163530412,-1.566222908,91.01643024,0.009214601,-0.004423703,0.001406898,-0.006441614,0.004282758,-0.011913189
58:03.4,3.163918737,-1.564960448,91.00801728,-0.000556031,-0.004272373,0.001867628,-0.006662799,0.004353102,-0.012235269
58:03.5,3.166678651,-1.560332555,91.01611878,-0.001712716,-0.006895038,0.001839826,-0.006876418,0.004446484,-0.012568409
58:03.6,3.16694454,-1.56397496,91.0139276,-0.002711039,0.003097191,0.00175419,-0.00722117,0.004538475,-0.01291223
58:03.7,3.166364062,-1.560811089,90.92616467,0.003235848,-0.004619686,0.001618638,-0.00706631,0.004626185,-0.013273289
58:03.8,3.16455569,-1.555178737,90.95330976,0.005061986,-0.008281982,0.001780431,-0.007297294,0.004707117,-0.013626604
58:03.9,3.163986306,-1.556274525,90.98581783,-0.001408,-0.000655873,0.00203353,-0.007711394,0.004796138,-0.013991469
58:04.0,3.15922987,-1.553764505,91.0461386,0.007140346,-0.005896704,0.00196313,-0.007744187,0.004897815,-0.014377039
58:04.1,3.154496229,-1.559243361,91.09705819,0.020471604,0.01079929,0.002320147,-0.008039022,0.004995971,-0.014764248
58:04.3,3.148338759,-1.557355857,91.14717525,0.009242795,-0.007169966,0.003343728,-0.007499058,0.005111979,-0.015166199
58:04.4,3.158193321,-1.560698812,91.15583162,-0.007934033,0.002420717,0.003805867,-0.007857556,0.005279165,-0.015541152
58:04.6,3.158685507,-1.5685449,91.1387865,-0.007659928,0.009352075,0.003409166,-0.00773652,0.005469458,-0.01593403
58:04.7,3.148552141,-1.560467694,91.21185394,0.02424978,-0.011773887,0.003026169,-0.007268917,0.005639917,-0.016320856
58:04.8,3.154147538,-1.560196302,91.23687454,-0.001445472,-0.000306745,0.004238658,-0.007857611,0.005791225,-0.016684302
58:04.9,3.119051046,-1.575677362,91.29709382,0.026589138,0.027875978,0.004166385,-0.007872948,0.006003158,-0.017077182
58:05.1,2.967260485,-2.428637408,91.4090227,0.307498686,1.286514424,0.005495842,-0.006479149,0.006211477,-0.01747083
58:05.1,2.805302478,-3.707875064,91.18187223,0.231972344,1.907867434,0.020870776,0.057846572,0.006486269,-0.017794787
58:05.4,3.002579574,-3.499093251,90.77155795,-0.258714937,-0.367028304,0.032469393,0.153239944,0.007529808,-0.014902458
58:05.5,3.215594175,-2.41102707,90.24469969,-0.272450545,-1.654964076,0.019533646,0.134888528,0.009153278,-0.007240461
58:05.6,3.35137171,-1.042552156,89.55511944,-0.042484177,-2.078808,0.005911119,0.052140325,0.01012996,-0.000496035
58:05.7,3.408798825,-0.585536086,88.9056669,-0.062895986,-0.699695805,0.00378691,-0.051800075,0.010425516,0.002110981
58:05.8,3.403417307,-0.729198405,88.44903827,0.025652364,0.213431736,0.000642111,-0.086784866,0.010614862,-0.000479022
58:06.0,3.340413662,-0.821306156,88.05364624,0.070619756,0.131842724,0.001924729,-0.076113279,0.010646967,-0.004818266
58:06.1,3.304604602,-0.901739646,87.72087001,0.01584293,0.116740377,0.005455717,-0.069521143,0.010743203,-0.00862393
58:06.2,3.342572163,-1.022593376,87.366458,-0.049272629,0.172918715,0.006247863,-0.063684124,0.011015989,-0.012099987
58:06.3,3.348037942,-1.09165092,87.10305189,0.062699818,0.101038631,0.003784232,-0.055038188,0.011328383,-0.015284193
58:06.4,3.367175128,-1.159926862,86.81186377,-0.055284772,0.094010174,0.006919223,-0.049986257,0.011517594,-0.018036102
58:06.5,3.328205485,-1.144601637,86.55878039,0.015094873,-0.030473503,0.004154984,-0.045285748,0.011863555,-0.020535415
58:06.6,3.563677176,-0.644279033,86.2863632,-0.336341501,-0.736118395,0.004909728,-0.046809423,0.012071304,-0.022799703
58:06.7,3.618898341,0.38741373,86.21082474,-0.13530356,-1.557538674,-0.011907347,-0.083615343,0.012316791,-0.025140174
58:06.8,3.499232922,1.375295776,86.66903332,0.231692076,-1.522099466,-0.018672525,-0.161492277,0.011721423,-0.029320941
58:07.0,3.415492626,1.838104553,87.14435872,0.040509584,-0.679394979,-0.007087921,-0.23759725,0.010787797,-0.037395555
58:07.0,3.293008684,1.361071623,87.58320855,0.185848696,0.711442085,-0.005062442,-0.271566999,0.010433401,-0.049275417
58:07.1,3.24232839,0.120099408,87.83970371,0.164924301,1.878249603,0.004229993,-0.235994895,0.010180279,-0.062853767
58:07.3,3.307378767,-1.510046181,88.0041803,0.110878188,2.496816525,0.012476208,-0.142082414,0.010391779,-0.074653512
58:07.4,3.415208507,-2.1725185,88.116764,-0.079129137,0.995051396,0.018020117,-0.017241588,0.011015589,-0.081757633
58:07.5,3.411338119,-2.099651376,88.26166966,-0.010220567,-0.105863938,0.01406366,0.032510982,0.011916595,-0.082619712
58:07.6,3.464858502,-2.086273438,88.40938891,-0.080441429,-0.019034629,0.013552632,0.027217785,0.012619778,-0.080994163
58:07.7,3.471059923,-2.008117405,88.56454673,-0.006741445,-0.11559867,0.00953056,0.026266053,0.01329741,-0.079633274
58:07.8,3.476673676,-1.991543944,88.69872697,-0.00472113,-0.026730729,0.009193488,0.02048612,0.013773938,-0.078319971
58:07.9,3.46361803,-1.972624625,88.73137067,0.043304762,-0.029191406,0.008957432,0.019149583,0.014233612,-0.077295665
58:08.0,3.476900466,-1.97594729,88.78246481,-0.017536219,0.000723694,0.01112267,0.017690013,0.014681484,-0.076338186
58:08.1,3.469367302,-2.0651754,88.85096895,0.034446067,0.114826244,0.010245859,0.017726198,0.015237617,-0.075453685
58:08.2,3.364051889,-2.534644801,88.8531476,0.162220494,0.678279894,0.011968162,0.02346751,0.01574991,-0.074567375
58:08.3,3.434835984,-3.071598995,88.7879541,-0.10909586,0.793941373,0.020079187,0.057381505,0.016348318,-0.073394
58:08.5,3.405796849,-3.733996296,88.72789114,0.021768157,0.97479872,0.014624394,0.097078573,0.017352277,-0.070524925
58:08.5,3.348251505,-4.317365377,88.7557473,0.074914002,0.856883612,0.015712802,0.145818509,0.018083497,-0.065670996
58:08.6,3.353853832,-4.673804917,88.85153785,-0.034468865,0.513534277,0.019458502,0.18866269,0.018869137,-0.05838007
58:08.7,3.426745656,-4.384341737,88.7850259,-0.072414508,-0.439649188,0.017735059,0.214339404,0.019842062,-0.048946936
58:08.8,3.53095858,-3.471646065,88.6079237,-0.135030507,-1.364346672,0.014114333,0.192356944,0.020728815,-0.038229966
58:09.0,3.69065274,-2.23224979,88.05883407,-0.165920091,-1.864670672,0.007362808,0.124139611,0.021434532,-0.028612119
58:09.1,3.668302644,-0.989387122,87.66861651,0.050596451,-1.877509001,-0.000933197,0.030906077,0.021802672,-0.022405138
58:09.2,3.628065948,-0.98784739,87.29254145,0.041402538,-0.005415214,0.001596626,-0.062969373,0.021756013,-0.020859834
58:09.3,3.56027814,-1.032450958,86.99463114,0.065935062,0.059747197,0.003666753,-0.063240134,0.021835844,-0.024008303
58:09.4,3.615131532,-1.060924355,86.58664327,-0.226262392,0.041220238,0.006963506,-0.060252774,0.022019181,-0.02717031
58:09.6,3.610543561,-0.46340824,86.38190521,-0.055134163,-0.905031193,-0.004349614,-0.058191762,0.022367357,-0.030182948
58:09.7,3.75064905,0.345795331,86.19648155,-0.087313767,-1.201685034,-0.007106322,-0.103443322,0.022149876,-0.033092536
58:09.8,3.725543757,0.762575297,86.42811292,0.049874174,-0.608126954,-0.01147201,-0.163527573,0.02179456,-0.038264702
58:09.9,3.661963251,0.46668581,86.73252541,0.143475129,0.445704132,-0.008978301,-0.193933921,0.021220959,-0.046441081
58:10.1,3.67141149,-0.291884272,86.95903236,0.055512144,1.146904304,-0.001804545,-0.171648714,0.020772044,-0.056137777
58:10.1,3.538071973,-1.40985239,87.15837162,0.282107867,1.66962118,0.000971062,-0.114303499,0.020681817,-0.064720213
58:10.3,3.659643823,-2.622759696,87.1431425,-0.064823517,1.838661177,0.015076456,-0.03082244,0.02073037,-0.070435388
58:10.4,3.667986424,-2.599894212,87.36530489,-0.047775779,-0.025702792,0.01183528,0.061110619,0.021484193,-0.07197651
58:10.4,3.649063369,-2.513567678,87.58555394,0.026995588,-0.132045727,0.009446491,0.059825479,0.022075957,-0.068920979
58:10.5,3.649037323,-2.452274371,87.74627673,-0.016225026,-0.090479894,0.01079627,0.053223193,0.022548282,-0.065929705
58:10.6,3.655895346,-2.372489072,87.81561704,-0.004090012,-0.118455512,0.009985019,0.048699198,0.023088095,-0.063268545
58:10.7,3.650710657,-2.326848764,87.87460501,0.0046419,-0.07251607,0.009780518,0.042776422,0.023587346,-0.060833585
58:10.8,3.630605145,-2.245206703,87.93057765,0.031495117,-0.126839858,0.010012613,0.039150619,0.024076372,-0.058694764
58:10.9,3.641553012,-2.222158509,88.07023726,-0.020260472,-0.037864734,0.011587369,0.032808626,0.024577003,-0.056737233
58:11.0,3.607008503,-2.138548739,88.25694937,0.047619711,-0.12635227,0.010574346,0.030915389,0.025156371,-0.055096802
58:11.1,3.581654814,-2.096201717,88.3038083,0.02641545,-0.063761079,0.012955331,0.024597776,0.025685088,-0.053551033
58:11.2,3.586073458,-2.08244584,88.35846885,-0.009571441,-0.022384059,0.014276104,0.021409722,0.026332855,-0.052321144
58:11.3,3.582666911,-2.013728022,88.40837003,0.003893749,-0.104517064,0.013797531,0.020290519,0.02704666,-0.051250658
58:11.4,3.585029024,-1.998754669,88.39926363,-0.004193685,-0.022300979,0.013992219,0.015064666,0.027736537,-0.050236132
58:11.5,3.57911427,-1.95299776,88.44358738,0.008918163,-0.068164164,0.013782535,0.013949617,0.028436148,-0.049482898
58:11.6,3.570054741,-1.935592965,88.51702842,0.008076785,-0.02611742,0.014228443,0.010541409,0.029125274,-0.048785418
58:11.8,3.574670347,-1.917791043,88.6245537,-0.012310186,-0.028262001,0.014632282,0.009235538,0.029836696,-0.048258347
58:11.8,3.574910108,-1.89606127,88.64373504,0.000961942,-0.034667701,0.014016773,0.007822438,0.030568311,-0.04779657
58:11.9,3.572596648,-1.868388173,88.7187523,0.004641876,-0.038831419,0.01406487,0.006089053,0.031269149,-0.047405448
58:12.0,3.570645317,-1.851506442,88.75509987,-6.67E-05,-0.025214065,0.014296964,0.004147482,0.031972393,-0.047100996
58:12.1,3.578087824,-1.843930704,88.72332386,-0.008970906,-0.013205017,0.014293627,0.002886778,0.032687241,-0.046893622
58:12.2,3.579423171,-1.819807204,88.70167084,-0.000476041,-0.040177207,0.013845082,0.002226528,0.033401922,-0.046749283
58:12.4,3.577593171,-1.814366796,88.78104054,0.004614143,-0.010608039,0.01382128,0.000217667,0.034094176,-0.046637956
58:12.5,3.584705544,-1.809189649,88.82619607,-0.008685472,-0.010037023,0.014051987,-0.000312735,0.03478524,-0.046627073
58:12.6,3.579053357,-1.790846218,88.82266962,0.005595854,-0.029452494,0.013617713,-0.000814586,0.03548784,-0.04664271
58:12.7,3.581310389,-1.77758501,88.83198276,-0.003717688,-0.017330789,0.013897506,-0.002287211,0.036168725,-0.046683439
58:12.9,3.579381573,-1.779903978,88.88094733,0.005155164,0.001058923,0.013711622,-0.00315375,0.036863601,-0.0467978
58:13.0,3.573352925,-1.767312908,88.87999708,0.006346195,-0.020937387,0.01396938,-0.003100804,0.037549182,-0.046955487
58:13.1,3.578932447,-1.76536843,88.94956245,-0.008249014,-0.004660597,0.01428669,-0.004147673,0.038247651,-0.047110527
58:13.1,3.575867679,-1.757264433,89.01718545,0.00655114,-0.01429547,0.013874239,-0.004380703,0.038961985,-0.047317911
58:13.2,3.574583395,-1.753670569,89.02775151,-0.000453756,-0.005326493,0.014201796,-0.005095477,0.039655697,-0.047536946
58:13.3,3.574702255,-1.74673115,89.01372648,0.001788882,-0.014990134,0.014179108,-0.005361801,0.040365787,-0.04779172
58:13.5,3.661939491,-1.788395289,88.90908082,-0.131081961,0.062598049,0.014268552,-0.006111308,0.041074742,-0.04805981
58:13.6,3.650890124,-1.749222814,88.91258873,0.081032873,-0.064382155,0.007714454,-0.002981406,0.04178817,-0.048365375
58:13.7,3.549370658,-1.746184559,88.95866817,0.082170199,-0.011231868,0.011766098,-0.006200513,0.042173893,-0.048514446
58:13.8,3.64802019,-1.750778754,88.90848418,-0.112290799,0.006544407,0.015874608,-0.006762107,0.042762198,-0.048824471
58:13.9,3.638844208,-1.717087576,88.99303325,0.111949963,-0.052478442,0.010260068,-0.006434886,0.043555928,-0.049162577
58:14.0,3.703508437,-1.74235959,88.93391688,-0.195757175,0.030727467,0.015857566,-0.009058808,0.044068931,-0.049484321
58:14.1,3.667331992,-1.720543348,89.00690675,0.149873403,-0.040227728,0.006069707,-0.007522435,0.04486181,-0.049937261
58:14.3,3.619139002,-1.735067404,88.89790378,0.03981805,0.014226911,0.013563377,-0.009533821,0.045165295,-0.050313383
58:14.3,3.599318897,-1.740306895,88.92376617,0.034016943,0.002675254,0.01555428,-0.008822476,0.045843464,-0.050790074
58:14.5,3.788474731,-1.70201537,88.96104496,-0.027936955,-0.04678094,0.017255127,-0.008688713,0.046621178,-0.051231198
58:14.6,3.84675651,-1.711824156,88.94638072,-0.024953213,0.021954317,0.015858279,-0.01102776,0.047483934,-0.051665634
58:14.7,3.685112995,-1.71030397,89.00966928,0.035414814,-0.01491053,0.014610619,-0.009930044,0.048276848,-0.052217022
58:14.8,3.688441452,-1.703251408,88.97930713,-0.08024329,-0.016521258,0.016381359,-0.010675571,0.049007379,-0.052713524
58:14.9,3.712845924,-1.706899751,88.88846763,-0.008830424,0.008083828,0.012369195,-0.011501634,0.049826447,-0.053247302
58:15.0,3.720967227,-1.698888557,88.86787239,0.003716213,-0.011653309,0.011927674,-0.011097442,0.050444907,-0.053822384
58:15.1,3.861232,-1.697908443,88.81914734,-0.169918137,-0.001232114,0.012113484,-0.011680108,0.051041291,-0.054377256
58:15.2,3.799801631,-1.712599847,88.84328409,0.08229135,0.012210135,0.003617578,-0.011741714,0.051646965,-0.054961262
58:15.3,3.803671817,-1.710963986,88.8546858,-0.033620655,-0.009463679,0.007732145,-0.011131207,0.051827844,-0.055548347
58:15.4,3.65609778,-1.731619107,88.87677103,-0.003450835,0.010817502,0.006051112,-0.011604391,0.052214451,-0.056104908
58:15.5,3.964875811,-1.79716242,88.7151728,-0.46566646,0.028226433,0.005878571,-0.011063516,0.052517007,-0.056685127
58:15.6,3.759679478,-1.853511991,88.82267029,0.227861295,0.049593537,-0.017404752,-0.009652194,0.052810935,-0.057238303
58:15.8,3.715740131,-1.859509881,88.61621811,-0.020699562,-0.018721918,-0.006011688,-0.007172517,0.051940697,-0.057720913
58:15.9,3.620459095,-1.814844557,88.55631506,0.148133164,-0.104525164,-0.007046666,-0.008108613,0.051640113,-0.058079539
58:16.0,3.66877783,-1.776759684,88.61324847,0.112062183,-0.004968648,0.000359992,-0.013334871,0.05128778,-0.058484969
58:16.1,3.728288327,-1.753455392,88.6492551,-0.121417302,-0.028551999,0.005963102,-0.013583304,0.051305779,-0.059151713
58:16.2,3.954519731,-1.749510799,88.69216882,-0.358182504,-0.006282337,-0.000107764,-0.015010904,0.051603934,-0.059830878
58:16.4,4.295283403,-1.799014074,88.9981238,-0.480043625,0.08013749,-0.018016889,-0.01532502,0.051598546,-0.060581423
58:16.5,4.322731867,-1.834608748,89.47296619,-0.038724677,0.049418922,-0.04201907,-0.011318146,0.050697702,-0.061347674
58:16.6,4.191991957,-1.828817256,89.81754549,0.207686606,-0.012672667,-0.043955304,-0.0088472,0.048596748,-0.061913581
58:16.7,4.143546668,-1.803142289,89.91468122,0.048196011,-0.040236297,-0.033570974,-0.009480833,0.046398983,-0.062355941
58:16.8,4.11330497,-1.834893743,90.18095934,0.14235889,0.055375916,-0.031161173,-0.011492648,0.044720434,-0.062829983
58:17.0,3.133385757,-1.845977788,90.75172016,1.40649267,-0.031765348,-0.024043228,-0.008723852,0.043162376,-0.063404615
58:17.1,3.258413576,-1.787089869,90.82981768,0.157596517,-0.053936701,0.046281405,-0.01031212,0.041960214,-0.063840808
58:17.4,3.207339779,-1.789028667,90.87101013,0.191653344,-0.00406666,0.054161231,-0.013008955,0.044274285,-0.064356414
58:17.5,2.348253778,-1.740421564,91.26644871,1.476974409,-0.14929129,0.063743898,-0.013212288,0.046982346,-0.065006862
58:17.6,1.83547664,-1.777156512,91.34400939,0.857944322,-0.007125263,0.137592619,-0.020676852,0.050169541,-0.065667476
58:17.8,2.186929519,-1.884983838,91.06295204,-0.570916795,0.127906304,0.180489835,-0.021033115,0.057049172,-0.066701319
58:17.9,2.594682697,-1.953854025,90.80604447,-0.611059694,0.087733662,0.151943995,-0.0146378,0.066073664,-0.067752975
58:18.0,3.139643926,-1.972158535,89.91556893,-0.73188366,-0.026250477,0.12139101,-0.010251117,0.073670863,-0.068484865
58:18.2,3.921344309,-2.022534091,87.68131903,-1.284682161,-0.128028853,0.084796827,-0.011563641,0.079740414,-0.06899742
58:18.3,4.652199787,-2.187821595,85.59615184,-1.194547352,0.125960322,0.020562719,-0.017965083,0.083980255,-0.069575602
58:18.4,4.417587303,-2.170883586,84.55932235,0.057845432,-0.046414596,-0.039164648,-0.011667067,0.085008391,-0.070473857
58:18.6,4.348045635,-2.118761032,83.59494756,0.037341799,-0.083226405,-0.036272377,-0.013987797,0.083050159,-0.07105721
58:18.7,4.392487003,-2.10487675,82.66570921,-0.253238809,-0.012621104,-0.034405287,-0.018149117,0.08123654,-0.0717566
58:18.8,4.868902603,-2.256424027,81.83057568,-0.684205644,0.265510599,-0.047067227,-0.018780173,0.079516276,-0.072664056
58:18.9,5.606808706,-2.356211252,81.00735153,-1.127511735,0.215932541,-0.081277509,-0.005504643,0.077162914,-0.073603064
58:19.0,6.154762193,-2.382910266,80.66674503,-0.839740742,0.123291649,-0.137653096,0.005291984,0.073099039,-0.073878296
58:19.1,6.154452223,-2.329274232,81.50971697,-0.026447509,-0.085924104,-0.179640133,0.011456567,0.066216384,-0.073613697
58:19.3,5.794101496,-2.227069651,82.89052508,0.492856794,-0.269667616,-0.180962509,0.007160362,0.057234377,-0.073040869
58:19.3,5.07733739,-2.117798425,84.45936959,0.991629665,-0.37976114,-0.156319669,-0.006323019,0.048186252,-0.072682851
58:19.4,4.056766849,-1.993250828,85.86459114,1.389792706,-0.432012012,-0.106738186,-0.025311076,0.040370269,-0.072999002
58:19.5,3.158968801,-1.9640234,87.06993578,1.329424507,-0.23579868,-0.03724855,-0.046911677,0.035033359,-0.074264556
58:19.7,2.631657869,-1.994971864,87.89888593,0.870962433,-0.050003148,0.029222675,-0.058701611,0.033170932,-0.076610139
58:19.8,2.97858653,-1.937986629,88.22379179,-0.119084394,-0.047329288,0.072770797,-0.061201768,0.034632065,-0.07954522
58:19.9,3.014441683,-1.759713324,88.66156677,0.534296084,-0.273863885,0.066816577,-0.063568233,0.038270605,-0.082605308
58:20.0,2.434209047,-1.657886356,89.33183314,1.003359941,-0.244700198,0.093531381,-0.077261427,0.041611434,-0.08578372
58:20.1,1.940106412,-1.65031549,89.75057343,0.646257402,-0.099393912,0.143699378,-0.089496437,0.046288003,-0.089646791
58:20.2,2.021264325,-1.684810254,89.8113907,-0.098367071,0.011610476,0.176012248,-0.094466132,0.053472972,-0.094121613
58:20.3,2.772231882,-1.801517704,89.09561162,-1.079100095,0.117416341,0.171093895,-0.093885609,0.062273584,-0.09884492
58:20.5,3.7925335,-1.943761359,87.74718621,-1.574562822,0.080542558,0.11713889,-0.088014791,0.070828279,-0.1035392
58:20.6,4.787900341,-2.099232229,86.13769195,-1.691623821,0.108406652,0.038410749,-0.083987664,0.076685224,-0.10793994
58:20.7,4.381878523,-2.115492118,85.46088691,-0.336189425,-0.039085951,-0.046170442,-0.078567331,0.078605761,-0.112139323
58:20.8,4.541099035,-2.067136154,85.08656389,-0.014616126,-0.054317627,-0.062979914,-0.080521629,0.076297239,-0.11606769
58:20.9,4.353565462,-2.036779205,84.83630228,0.180767948,-0.066361953,-0.06371072,-0.08323751,0.073148243,-0.120093771
58:21.0,4.408187528,-2.013194612,84.53322525,-0.035657042,-0.030343115,-0.054672322,-0.086555608,0.069962707,-0.124255646
58:21.1,4.356306699,-1.967593307,84.2870141,0.078022644,-0.076241241,-0.056455175,-0.088072763,0.067229091,-0.128583427
58:21.2,4.365772164,-1.95514371,83.95766617,0.000557813,-0.018222039,-0.052554042,-0.091884825,0.064406333,-0.132987065
58:21.4,4.388641693,-1.942627846,83.68851778,-0.026690332,-0.020694755,-0.052526152,-0.092795927,0.06177863,-0.137581306
58:21.5,4.354919013,-1.907861403,83.42744628,0.06541962,-0.057651161,-0.053860668,-0.093830665,0.059152323,-0.142221103
58:21.6,4.303584884,-1.907511242,83.29471525,0.057396604,-0.009030663,-0.050589687,-0.096713223,0.056459289,-0.146912636
58:21.6,4.296956673,-1.876906365,83.14674328,0.011787447,-0.046810738,-0.047719857,-0.097164756,0.053929805,-0.151748297
58:21.7,4.269285602,-1.875368141,82.99689458,0.035839217,-0.008497249,-0.047130485,-0.099505293,0.051543812,-0.156606535
58:21.8,4.255971371,-1.849470785,82.82038856,0.019600572,-0.043297017,-0.045338524,-0.099930156,0.049187288,-0.1615818
58:21.9,4.23730494,-1.852789671,82.64248073,0.025343853,-0.002460664,-0.044358495,-0.102095006,0.046920362,-0.166578307
58:22.0,4.239868849,-1.83200082,82.51511699,0.00100709,-0.035783542,-0.043091303,-0.10221804,0.044702437,-0.171683058
58:22.1,4.213580933,-1.829393652,82.43304969,0.04278547,-0.009105085,-0.043040948,-0.104007217,0.042547872,-0.17679396
58:22.3,4.207745229,-1.829414319,82.27886051,0.014782824,-0.006315864,-0.040901675,-0.104462471,0.040395824,-0.18199432
58:22.4,4.188809731,-1.82153218,82.17299055,0.023737969,-0.017261382,-0.040162533,-0.104778264,0.038350741,-0.187217444
58:22.5,4.181417888,-1.82006307,82.15999206,0.008029658,-0.005578344,-0.038975635,-0.105641333,0.036342614,-0.192456357
58:22.6,4.166467217,-1.813705873,82.11015429,0.017882195,-0.016467277,-0.038574152,-0.105920251,0.034393832,-0.197738424
58:22.7,4.164596148,-1.809418463,82.0704226,0.003749784,-0.009382336,-0.037680042,-0.106743614,0.032465125,-0.203034436
58:22.7,4.14304577,-1.804784264,81.96032078,0.025936623,-0.012787828,-0.037492553,-0.107212731,0.030581123,-0.208371617
58:22.9,4.138831554,-1.798194893,81.91724444,0.004558417,-0.012805356,-0.036195722,-0.107852123,0.028706495,-0.213732254
58:22.9,4.158688513,-1.797202832,81.83561471,-0.014071081,-0.002013706,-0.035967801,-0.10849239,0.026896709,-0.21912486
58:23.0,4.160102457,-1.790264044,81.81077419,0.013857973,-0.016744748,-0.036671355,-0.108593076,0.025098319,-0.224549479
58:23.1,4.141980518,-1.787657176,81.7548662,0.028005219,-0.010101416,-0.035978456,-0.109430313,0.023264751,-0.229979133
58:23.3,4.13451764,-1.784470683,81.72870946,0.012542087,-0.006575618,-0.034578196,-0.109935384,0.021465828,-0.235450649
58:23.3,4.125566169,-1.779658137,81.71677179,0.009877309,-0.008641611,-0.033951091,-0.110264165,0.019736918,-0.240947418
58:23.5,4.123755037,-1.778776315,81.67819398,0.002160771,-0.003913266,-0.033457226,-0.110696245,0.018039364,-0.246460626
58:23.6,4.123755037,-1.778776315,81.67819398,-0.005649275,-0.004299204,-0.033349187,-0.110891909,0.016366503,-0.251995438
58:23.7,4.116925667,-1.77657604,81.67631541,0.006902779,-0.006758516,-0.033631651,-0.111106869,0.014699043,-0.257540034
58:23.8,4.128439772,-1.774992532,81.64130094,-0.003933804,-0.003764271,-0.033286512,-0.111444795,0.013017461,-0.263095377
58:23.9,4.08851299,-1.771139359,81.61202413,0.05292854,-0.015711807,-0.033483202,-0.111633008,0.011353135,-0.268667617
58:24.0,4.096945846,-1.767820521,81.52224256,-0.022026647,-0.001863558,-0.030836775,-0.112418599,0.009678975,-0.274249267
58:24.1,4.092742171,-1.76808572,81.49523467,0.008145787,-0.003084546,-0.031938108,-0.112511776,0.008137136,-0.279870197
58:24.2,4.094551867,-1.773197628,81.4929964,-0.004858621,0.001381982,-0.031530818,-0.112666004,0.006540231,-0.285495786
58:24.3,4.084994649,-1.770890497,81.56605713,0.013146047,-0.007785252,-0.031773749,-0.112596905,0.00496369,-0.291129086
58:24.4,4.079707536,-1.771919299,81.62229834,0.001176405,0.001201811,-0.031116447,-0.112986167,0.003375002,-0.296758932
58:24.5,4.098416082,-1.769744227,81.63411852,-0.023448895,0.000210532,-0.031057627,-0.112926077,0.00181918,-0.30240824
58:24.6,4.088021893,-1.772813238,81.62479891,0.022230827,-0.001093071,-0.032230071,-0.11291555,0.000266299,-0.308054544
58:24.7,4.076473012,-1.774844593,81.56458177,0.018982123,-0.004229837,-0.03111853,-0.112970204,-0.001345205,-0.313700321
58:24.8,4.07458123,-1.777398262,81.54364744,0.000348677,-0.000949473,-0.030169424,-0.113181696,-0.002901131,-0.319348832
58:24.9,4.075952004,-1.774297658,81.53788358,-0.003343731,-0.008735878,-0.03015199,-0.113229169,-0.004409603,-0.325007916
58:25.0,4.081596785,-1.770125417,81.53562077,-0.011775921,-0.006805719,-0.030319177,-0.113665963,-0.005917202,-0.330669375
58:25.1,4.093957846,-1.765840749,81.51657669,-0.014601911,-0.004279702,-0.030907973,-0.114006249,-0.007433161,-0.336352673
58:25.3,4.104855155,-1.763427541,81.52147962,-0.014934423,-0.005954431,-0.031638068,-0.114220234,-0.008978559,-0.342052985
58:25.4,4.098616574,-1.767151645,81.5409176,0.011880063,0.001517484,-0.032384789,-0.114517956,-0.010560463,-0.347763997
58:25.5,4.10284123,-1.762108561,81.48447778,-0.007359132,-0.006655348,-0.031790786,-0.114442081,-0.012179702,-0.353489895
58:25.6,4.104376327,-1.761630751,81.43617752,-0.000759695,-0.00516712,-0.032158743,-0.114774849,-0.013769242,-0.359211999
58:25.7,4.099832418,-1.75981066,81.43867313,0.004023619,-0.00333791,-0.032196728,-0.115033205,-0.015377179,-0.364950741
58:25.8,4.102136802,-1.763279782,81.50959769,-0.000785499,0.002882155,-0.031995547,-0.1152001,-0.016987015,-0.370702402
58:25.9,4.096257396,-1.76275367,81.47874079,0.008098017,-0.004425224,-0.032034822,-0.115055993,-0.018586793,-0.376462407
58:26.0,4.100250222,-1.760158839,81.48553144,-0.004283714,-0.003414566,-0.031629921,-0.115277254,-0.020188534,-0.382215206
58:26.1,4.089358016,-1.761240947,81.47591194,0.013234681,-0.005078603,-0.031844106,-0.115447982,-0.02177003,-0.387979069
58:26.2,4.076944974,-1.763005704,81.42434247,0.016031024,-0.001979515,-0.031182372,-0.115701912,-0.023362235,-0.393751468
58:26.3,4.079787009,-1.763093878,81.45434309,-0.0045801,-0.001617106,-0.030380821,-0.115800888,-0.024921354,-0.399536564
58:26.5,4.080658208,-1.765411582,81.48077366,-0.003332042,0.001701238,-0.030609826,-0.115881743,-0.026440395,-0.405326608
58:26.6,4.078029026,-1.761681383,81.50434023,0.00484185,-0.008782784,-0.030776428,-0.115796681,-0.027970886,-0.411120695
58:26.7,4.077514972,-1.763902665,81.49325789,-0.001562212,-0.000839464,-0.030534336,-0.116235821,-0.029509707,-0.416910529
58:26.8,4.078636417,-1.76380796,81.55990271,-0.006242623,0.000657094,-0.030612446,-0.116277794,-0.031036424,-0.42272232
58:26.9,4.083702667,-1.757378823,81.57445349,-0.006604269,-0.008660597,-0.030924578,-0.116244939,-0.032567046,-0.42853621
58:27.1,4.084361443,-1.75312292,81.57861167,-0.002218711,-0.008331674,-0.031254791,-0.116677969,-0.034113275,-0.434348457
58:27.2,4.079219173,-1.757724486,81.55229579,0.010873871,0.005478222,-0.031365727,-0.117094553,-0.035676015,-0.440182355
58:27.3,4.079219173,-1.757724486,81.55229579,0.004872678,0.000493766,-0.030822033,-0.116820642,-0.037244301,-0.446037083
58:27.4,4.082907619,-1.75753823,81.53952663,-0.005686416,-0.001559762,-0.030578399,-0.116795953,-0.038785403,-0.451878115
58:27.6,4.080766187,-1.758083718,81.5254833,0.002520481,-0.004286121,-0.03086272,-0.116873941,-0.040314323,-0.457717913
58:27.7,4.074637374,-1.759518982,81.55674946,0.006821979,-0.000999878,-0.030736696,-0.117088247,-0.041857459,-0.46356161
58:27.8,4.075221145,-1.758573845,81.55351504,-0.001388178,-0.003494744,-0.030395597,-0.117138241,-0.043394294,-0.469416022
58:27.9,4.074955679,-1.758503975,81.52645939,-0.002279318,-0.002216531,-0.030465006,-0.117312978,-0.044914073,-0.475272934
58:28.0,4.078717812,-1.75732661,81.51064434,-0.004040334,-0.003772506,-0.030578972,-0.117423805,-0.046437324,-0.481138583
58:28.1,4.080312941,-1.751704403,81.50766117,-0.001003082,-0.006000277,-0.030780988,-0.11761243,-0.047966272,-0.487009774
58:28.2,4.110965881,-1.757717112,81.50205877,-0.028456637,0.00884594,-0.030831142,-0.117912444,-0.049505322,-0.492890395
58:28.3,4.110965881,-1.757717112,81.50205877,0.036751121,-0.011005644,-0.032253974,-0.117470147,-0.051046879,-0.498786017
58:28.4,4.088902345,-1.760043898,81.44382549,0.023486414,-0.002365976,-0.030416418,-0.118020429,-0.052659578,-0.504659525
58:28.5,4.099542478,-1.756952894,81.44424139,-0.028217034,-0.005119827,-0.029242098,-0.118138728,-0.054180399,-0.510560546
58:28.6,4.097800739,-1.763238385,81.47329677,0.012338729,0.003149097,-0.030652949,-0.118394719,-0.055642503,-0.516467482
58:28.7,4.088963219,-1.765092912,81.46153811,0.01061278,-0.001407573,-0.030036013,-0.118237265,-0.057175151,-0.522387218
58:28.8,4.068623649,-1.766187488,81.6375894,0.022785403,-0.004670309,-0.029505374,-0.118307643,-0.058676952,-0.528299082
58:28.9,4.051353234,-1.761016211,81.63653075,0.008139766,-0.011395414,-0.028366104,-0.118541159,-0.06015222,-0.534214464
58:29.0,4.082298368,-1.758828534,81.62293954,-0.055008312,0.004421382,-0.027959115,-0.119110929,-0.061570525,-0.540141522
58:29.2,4.113187653,-1.74301416,81.61652565,-0.030807373,-0.019082789,-0.030709531,-0.11888986,-0.062968481,-0.546097068
58:29.3,4.091234751,-1.758773617,81.63706765,0.042158472,0.015260816,-0.0322499,-0.119844,-0.064503958,-0.552041561
58:29.5,4.066516102,-1.756625915,81.68738291,0.020026135,-0.006399103,-0.030141976,-0.119080959,-0.066116453,-0.558033761
58:29.6,4.058332532,-1.760708332,81.61596802,0.001442629,0.003800372,-0.029140669,-0.119400914,-0.067623552,-0.563987809
58:29.7,4.062872563,-1.769284754,81.50052727,-0.009794327,0.011765982,-0.029068538,-0.119210895,-0.069080585,-0.569957855
58:29.8,4.05694415,-1.763614137,81.57469216,-0.00859699,-0.009473832,-0.029558254,-0.118622596,-0.070534012,-0.5759184
58:29.9,4.064454772,-1.76155081,81.59611885,-0.0048513,-0.002535007,-0.029988104,-0.119096288,-0.072011925,-0.581849529
58:30.0,4.049851503,-1.754516741,81.55768468,0.017707952,-0.013119713,-0.030230669,-0.119223038,-0.07351133,-0.587804344
58:30.1,4.052049408,-1.754730387,81.53182823,-0.009905197,0.001772718,-0.029345271,-0.119879024,-0.075022863,-0.593765496
58:30.2,4.053176691,-1.749076762,81.54478963,-0.003227819,-0.010288077,-0.029840531,-0.119790388,-0.076490127,-0.599759447
58:30.3,4.0582979,-1.747429978,81.51847555,-0.008526405,-0.005791777,-0.030001922,-0.120304792,-0.077982153,-0.605748966
58:30.4,4.073288212,-1.747477493,81.54994009,-0.017744865,0.000637436,-0.030428242,-0.120594381,-0.079482249,-0.611764206
58:30.5,4.074285209,-1.746814629,81.56038467,0.004872265,-0.003844944,-0.031315485,-0.120562509,-0.081003662,-0.617793925
58:30.6,4.069484285,-1.750751117,81.57990059,0.007489798,0.002341349,-0.031071872,-0.120754756,-0.082569436,-0.62382205
58:30.7,4.079390447,-1.747546169,81.57110648,-0.015990923,-0.007192669,-0.030697382,-0.120637689,-0.084123029,-0.629859788
58:30.9,4.079664591,-1.747713841,81.60919786,-0.002842284,-0.00143984,-0.031496928,-0.120997322,-0.085657899,-0.635891673
58:31.0,4.076164848,-1.751450865,81.63824867,0.003629085,0.004910712,-0.031639043,-0.121069314,-0.087232745,-0.641941539
58:31.1,4.076164848,-1.751450865,81.63824867,-0.010187594,-0.005799627,-0.031457588,-0.120823779,-0.088814697,-0.647995005
58:31.2,4.067528056,-1.750431167,81.66272109,0.012549402,-0.003236048,-0.031966968,-0.12111376,-0.090387576,-0.654036193
58:31.3,4.06255851,-1.754014171,81.72870753,0.009902151,0.001436144,-0.031339498,-0.121275562,-0.091985925,-0.660091881
58:31.4,4.065748236,-1.750885417,81.75447406,-0.005447299,-0.00405302,-0.03084439,-0.121203755,-0.0935529,-0.66615566
58:31.6,4.073714589,-1.752359033,81.73465598,-0.009143317,0.00352091,-0.031116755,-0.121406406,-0.095095119,-0.672215847
58:31.7,4.076266741,-1.750552889,81.68201778,-0.004438057,-0.004362944,-0.031573921,-0.121230361,-0.096650957,-0.678286168
58:31.8,4.078288384,-1.750561509,81.71629343,-0.003289637,-0.001780226,-0.031795824,-0.121448508,-0.098229653,-0.684347686
58:31.9,4.082861682,-1.75188055,81.69316057,-0.007068341,-0.001568219,-0.031960306,-0.121537519,-0.099819444,-0.690420111
58:32.0,4.082419723,-1.754515603,81.7308682,0.005045827,-0.001363842,-0.032313723,-0.12161593,-0.10141746,-0.696496987
58:32.1,4.082419723,-1.754515603,81.7308682,0.003398186,-0.007359416,-0.032061432,-0.121684122,-0.103033146,-0.702577783
58:32.2,4.086355058,-1.75530759,81.72035072,-0.00583868,-8.71E-05,-0.031891522,-0.122052093,-0.104636217,-0.70866199
58:32.7,4.089532421,-1.755649802,81.69641114,-0.00723816,-0.000890892,-0.032183456,-0.122056449,-0.106230793,-0.714764594
58:32.8,4.084614835,-1.7542488,81.67620025,0.00468613,-0.002779728,-0.032545364,-0.122100993,-0.107839966,-0.720867417
58:32.9,4.082879522,-1.756675343,81.72031052,0.000181493,-0.000953328,-0.032311058,-0.12223998,-0.109467235,-0.726972466
58:33.0,4.086412281,-1.749935717,81.67573307,-0.009165271,-0.011097359,-0.032301983,-0.122287646,-0.111082787,-0.733084465
58:33.1,4.087228547,-1.750904109,81.64787026,-0.003136711,0.002065672,-0.032760247,-0.122842514,-0.112697887,-0.739198848
58:33.2,4.086620032,-1.750258902,81.60377952,-0.001166548,0.001481877,-0.032917082,-0.122739231,-0.114335899,-0.745340973
58:33.4,4.090202241,-1.74962796,81.64819283,-0.005486541,-0.000283684,-0.03297541,-0.122665137,-0.115981753,-0.751477935
58:33.5,4.092598262,-1.751209478,81.63638195,-0.003270868,0.002686383,-0.033249737,-0.122679321,-0.117630524,-0.757611192
58:33.6,4.085460085,-1.74722142,81.62227569,0.009226165,-0.009787181,-0.03341328,-0.122545002,-0.11929301,-0.763745158
58:33.7,4.083182765,-1.750351141,81.61149057,0.001362688,0.002050362,-0.032951972,-0.123034361,-0.120963674,-0.769872408
58:33.9,4.087425365,-1.752648835,81.53697675,-0.007988384,0.004578467,-0.032883837,-0.122931843,-0.122611273,-0.776024126
58:33.9,4.092043183,-1.756563195,81.43963971,-0.003636237,0.006551928,-0.033283257,-0.122702919,-0.124255465,-0.782170718
58:34.1,4.082387932,-1.756767576,81.46063755,0.009725491,-0.00117172,-0.033465068,-0.122375323,-0.125919628,-0.788305864
58:34.2,4.060711156,-1.752653047,81.42812134,0.028257814,-0.012419426,-0.032978794,-0.122433909,-0.127592881,-0.79442463
58:34.3,4.044491566,-1.75731851,81.5051473,0.006520961,0.003547629,-0.031565903,-0.12305488,-0.129241821,-0.800546326
58:34.4,4.039285056,-1.760978308,81.48066563,-0.000616113,0.005423021,-0.031239855,-0.122877499,-0.130820116,-0.80669907
58:34.6,4.04188365,-1.764370777,81.46330316,-0.001253207,0.002829879,-0.031270661,-0.122606348,-0.132382109,-0.812842945
58:34.7,4.037323254,-1.761222197,81.44531192,0.005351976,-0.010095388,-0.031333321,-0.122464854,-0.133945642,-0.818973262
58:34.8,4.040248302,-1.763799363,81.46495291,-0.008617573,0.002729832,-0.031065722,-0.122969623,-0.135512308,-0.825096505
58:34.9,4.058485414,-1.753539531,81.53661603,-0.028649392,-0.008517224,-0.031496601,-0.122833132,-0.137065594,-0.831244986
58:35.0,4.075849849,-1.748177795,81.5092201,-0.020235475,-0.007347963,-0.032929071,-0.123258993,-0.138640424,-0.837386642
58:35.1,4.075056811,-1.758057709,81.49955967,0.007787511,0.013649538,-0.033940844,-0.123626391,-0.140286878,-0.843549592
58:35.3,4.078661404,-1.753420393,81.42795911,-0.004357512,-0.008615971,-0.033551469,-0.122943914,-0.14198392,-0.849730912
58:35.4,4.083355882,-1.751892277,81.42667089,-0.00731082,-0.001354098,-0.033769344,-0.123374713,-0.143661493,-0.855878107
58:35.5,4.079472362,-1.751173663,81.45727304,0.003202548,-0.00173096,-0.034134885,-0.123442418,-0.14534996,-0.862046843
58:35.5,4.081586189,-1.751186149,81.42930276,-0.00332861,-0.001604894,-0.033974758,-0.123528965,-0.147056705,-0.868218964
58:35.7,4.081586189,-1.751186149,81.42930276,0.006771069,-0.007291091,-0.034141189,-0.12360921,-0.148755443,-0.874395412
58:35.7,4.083346617,-1.748039215,81.40414135,-0.003600565,-0.006472844,-0.033802635,-0.123973765,-0.150462502,-0.880575873
58:35.8,4.08085326,-1.747558023,81.43544747,0.001310261,-0.000923459,-0.033982663,-0.124297407,-0.152152634,-0.886774561
58:35.9,4.07986919,-1.751497319,81.43946582,0.004129042,0.002842445,-0.03391715,-0.12434358,-0.153851767,-0.892989431
58:36.0,4.085176134,-1.747517406,81.45252915,-0.006769768,-0.007240475,-0.033710698,-0.124201458,-0.155547624,-0.89920661
