TimeStamp,Roll,Pitch,Yaw,AccX,AccY
09:21:45.416101,4.016875862747504,-1.94920879615067,79.60758291864713,0.0002902171418363353,0.00016998981054930086
09:21:45.506854,4.015940894082317,-1.9507411139165334,79.6373413496104,0.00040410294993563085,0.00038614297266086344
09:21:45.879611,4.013377087757624,-1.9511119850398346,79.74809415520548,0.0005795126641503043,0.00027412113522932405
09:21:45.974717,4.012485710626546,-1.9513687834491227,79.74352265891879,0.00045597022356696083,0.0004460824369793098
09:21:46.082825,4.011688936175686,-1.9545135422833366,79.79343494442426,0.0005664257406996179,0.0006779383025591731
09:21:46.194904,4.007277636674315,-1.9532797074115635,79.88591816938475,0.0009157762541326984,0.0007567312641541678
09:21:46.344529,4.003933857745177,-1.9497075923075966,79.9768653790154,0.0010049529968941568,0.0004798084118871342
09:21:46.469573,4.006737123497065,-1.9494991560096417,79.96516931006774,0.0008227773895148658,0.000618431578427741
09:21:46.590853,4.006800297822016,-1.9490124339867685,79.99290807524324,0.0007307218288520045,0.0007287524493992668
09:21:46.719790,4.00963860132661,-1.9500400893513643,79.9924473782107,0.0005424665803526546,0.0008471846256711911
09:21:46.882041,4.009316246074449,-1.9497691073951038,80.03492957173148,0.0005726508326110005,0.0008374378878711683
09:21:46.976321,4.011419716124405,-1.9476430761986387,80.00549736087521,0.0004170496831439857,0.0008272338030725175
09:21:47.079484,4.008630474859529,-1.948151120832015,80.0749856690368,0.0003041371095929626,0.0009019096239325069
09:21:47.172346,4.009856132343391,-1.9479860882275146,80.08773638582359,0.0003238711788176182,0.0008860500089730954
09:21:47.354843,4.014405335728116,-1.9432037302302891,80.11439147270244,-6.3862848431312e-05,0.0006032849724772983
09:21:47.493480,4.014405335728116,-1.9432037302302891,80.11439147270244,-0.0004515352685322272,0.0007847708934216524
09:21:47.954805,4.013788916461026,-1.9394906055476706,80.14327996574215,-0.0005408392340228024,0.0006443411050637198
09:21:47.999760,4.013450409976297,-1.939662545869931,80.13782002060123,-0.00040307655475258495,0.0006333477889180492
09:21:48.056290,4.017735857122998,-1.94480589002277,80.23170276284644,-0.0006416324392132897,0.0010704932677549474
09:21:48.385931,4.018639885656926,-1.9420825311085528,80.28956532698693,-0.0009591021290665316,0.0009302284014292581
09:21:48.614348,4.012849972127968,-1.9438820399931294,80.23568286752771,-0.0007275693078893184,0.0010422848950120357
09:21:48.673360,4.0124666545742125,-1.943466486464248,80.17347801596804,-0.0008158887066795323,0.0010259454756789796
09:21:48.798137,4.01380333672956,-1.9466336321875561,80.21807791501126,-0.0008621099709255356,0.0012877411242141674
09:21:48.857634,4.014394318175046,-1.9511178526397364,80.27648873906928,-0.0008422923572296584,0.0016285418345938281
09:21:48.990600,4.011323062275386,-1.9511567143504998,80.26258970780593,-0.0005890837816875632,0.0017185228497736138
09:21:49.109856,4.012452159755656,-1.953848970339492,80.29477866912089,-0.000607783949560453,0.0020534930489082624
09:21:49.194829,4.013979185567673,-1.9523159862086272,80.28408814726366,-0.0007226145855703177,0.0019822429036702154
09:21:49.299705,4.008735343883302,-1.949532650783576,80.26938684996016,-0.0004763952996652456,0.0017477368001321976
09:21:49.439540,4.006824550459112,-1.9491618632022554,80.25015330081403,-0.000442787809535923,0.001730207890459201
09:21:49.514767,4.007772830479467,-1.9488412146492489,80.2072763092668,-0.00048715372465343154,0.0018437597277385193
09:21:49.643121,4.007119062259869,-1.9442454688189679,80.22379761575445,-0.00044952471918825726,0.0017368056026484434
09:21:49.729785,4.01337012767345,-1.9466473230179606,80.30512054174197,-0.0008429861908306828,0.002117513171783398
09:21:49.869444,4.016156478041506,-1.9438232638941726,80.35666105572571,-0.0010763393748322067,0.0019545719220399145
09:21:49.949469,4.017117420312151,-1.9489505773839582,80.41715747305267,-0.0011919922988953447,0.0023585569788795602
09:21:50.079628,4.016143858337979,-1.9561657489299218,80.43704449135473,-0.0011138078824729197,0.0030156515292266107
09:21:50.199471,4.014179353964603,-1.958065537898802,80.3791658394479,-0.0009377571452588648,0.003144915024515566
09:21:50.285444,4.013148473065551,-1.959262613671425,80.37342747485658,-0.0008243690297025624,0.003337446112954235
09:21:50.454791,4.014001315817383,-1.9601831016674873,80.29365657905889,-0.0007412680114054257,0.0035147993705558355
09:21:50.546254,4.011875630769131,-1.9577676150374381,80.28610077113838,-0.0007089995407121824,0.0034424087370831433
09:21:50.660583,4.013244394866788,-1.9509197254985036,80.27576199773655,-0.0009810238024439088,0.00309762847117007
09:21:50.768216,4.013761443471729,-1.946170363039968,80.33228024671406,-0.001276992675021711,0.0029154728114538283
09:21:50.849788,4.012259809709702,-1.9481843663894847,80.32947029037499,-0.0011136914576626979,0.0031690140594740138
09:21:50.999882,4.014144123712337,-1.9447176304794669,80.3282798513907,-0.0013572143350845957,0.0031949118215250133
09:21:51.139429,4.016279143908705,-1.948641545120041,80.3627840955498,-0.0015448894590117236,0.003651617494987505
09:21:51.299784,4.016470125326771,-1.950602908129992,80.35688576295807,-0.0016169303677971562,0.003940959305424141
09:21:51.459714,4.01374176380622,-1.947182350042485,80.32604340081339,-0.0015610552420020558,0.0036912930206999908
09:21:51.614620,4.017793484951077,-1.94640268511685,80.29418331181887,-0.0018371008935319732,0.003809433206049659
09:21:51.694625,4.025613168889818,-1.9448062055404027,80.3860938518742,-0.0023297010929485746,0.0036709707837106064
09:21:51.831637,4.019214022199977,-1.9402641041344326,80.38697712327327,-0.002113856890093109,0.0034244807367202934
09:21:51.994527,4.022388319458026,-1.9444717727715601,80.43704771008441,-0.0022679066624370554,0.0038891798292189214
09:21:52.013915,4.018053830354641,-1.9420787224120788,80.43468834541038,-0.0022039112196975672,0.0036992987733603854
09:21:52.191190,4.009998448776349,-1.9457897503891468,80.45998027132767,-0.0016545699605132998,0.004013212450348561
09:21:52.279402,3.999856452773396,-1.9481430314210293,80.52690115787877,-0.0010848457792159401,0.004213344133003463
09:21:52.449493,3.995098959331505,-1.9429134617278714,80.43759740832058,-0.0009991295162222916,0.003930023092512573
09:21:52.593195,4.001701175639589,-1.9417407421697737,80.37343687227758,-0.0014842697151958852,0.003937759709010612
09:21:52.749776,4.004778857682468,-1.943824168872128,80.42648532046009,-0.0017498968048269368,0.004376450474377768
09:21:52.914399,4.00861202027647,-1.943581776535084,80.43071447322066,-0.0020957173471077843,0.004660778876797386
09:21:52.994852,4.013695821275628,-1.9439018623916815,80.47626079231009,-0.0024459813991121048,0.004769061262389152
09:21:53.779777,4.0186899478390155,-1.94426546115083,80.48011128611962,-0.0027764978094817934,0.004981918199566759
09:21:53.874572,4.0279759295745885,-1.9422867104192685,80.3799732556575,-0.003244155001216579,0.004925061370700767
09:21:54.099404,4.032555922426292,-1.9363586033374616,80.31100884032611,-0.0034086282428256683,0.004622204094698731
09:21:54.299589,4.029284933961583,-1.9457556472496398,80.3513909732131,-0.0031199388324458835,0.005512430764065693
09:21:54.369400,4.017466100425394,-1.9334265976159348,80.30357864044761,-0.0025334939939043585,0.004385770181366318
09:21:54.503214,4.008645075460926,-1.948798809678218,80.39435212162387,-0.0017949619993557658,0.005422979227061377
09:21:54.610562,3.9951378429409123,-1.9474464803091003,80.32114335653985,-0.0010227254810858738,0.005324790287832134
09:21:54.724769,3.9956244406959978,-1.951534414105012,80.30696580926538,-0.0011052656040870556,0.005750756824011642
09:21:54.824438,4.015636317407257,-1.9482123836586236,80.32067496278276,-0.0025733883716297958,0.005884507657753837
09:21:54.944414,4.012460780348949,-1.9442381199198695,80.34520353581539,-0.0021330155531723493,0.005739004841513308
09:21:55.004526,4.014909840769127,-1.947644881902049,80.39584925470005,-0.0024898281506977376,0.006056285359469562
09:21:55.139533,4.013093453689354,-1.9439745021509192,80.37838303818545,-0.002601302771196389,0.005922054296327746
09:21:55.269733,4.010439003676002,-1.9488347835087465,80.45068742704015,-0.0025875003319826427,0.006169768502115434
09:21:55.459476,4.001333551449976,-1.9525895805207332,80.3753071338885,-0.002084315386780829,0.00648255272906754
09:21:55.531890,4.004655831254244,-1.9504375155013942,80.43199203363214,-0.002564994364183961,0.006420746495148471
09:21:55.679690,3.9916416011644715,-1.9535662713947377,80.38792689283773,-0.002013551040379643,0.006579710409134213
09:21:55.789930,4.00848638871545,-1.9508366663104555,80.41084181303978,-0.0031257709452159077,0.006793531771013418
09:21:55.999861,4.006658187612904,-1.948502570564663,80.386623420723,-0.003113914301219369,0.0067307497826722545
09:21:56.118163,4.007099272376145,-1.9543586940560762,80.3899133491032,-0.003082004347701212,0.00706547116140197
09:21:56.189597,3.9901795558835236,-1.9509566323841645,80.48126578008396,-0.0020930893779180816,0.006758469628172817
09:21:56.319474,3.9738655577530504,-1.9609119653121656,80.49395794752574,-0.000996092450945476,0.007334260542695335
09:21:56.461257,3.986762956388431,-1.9601747760102928,80.46958313349384,-0.002167938367031017,0.007473228371672043
09:21:56.523132,3.988884459052098,-1.961622059871614,80.43369840963807,-0.0022768371822154665,0.0077296949612235466
09:21:56.599819,3.9855503036312427,-1.957487322532543,80.38389987553944,-0.0023990649374010524,0.007554299371087343
09:21:56.729423,3.9868893428496404,-1.9550588432003153,80.34045550977308,-0.002608750975484127,0.007537256169932282
09:21:56.864555,3.9836524868369083,-1.9636198212583351,80.40500345350895,-0.0024759152242560135,0.008172072796677964
09:21:57.014416,3.980739949660261,-1.96939342474624,80.48342832118148,-0.002050450002156626,0.008660408549360605
09:21:57.122680,3.985491550194154,-1.9672788115126454,80.4582609181065,-0.002393570961074085,0.0086889227930833
09:21:57.289806,3.9949263727914692,-1.9637990026780763,80.47763895027941,-0.0031054084053959517,0.008662770720861501
09:21:57.444624,3.9983653019079175,-1.9624064841772684,80.47296530426578,-0.0033491671091770638,0.008721268348834252
09:21:57.583721,4.002018237695685,-1.9656456409095602,80.47167447519693,-0.003658533695006986,0.009146462159706404
09:21:57.679406,3.998211141417681,-1.9637215819447245,80.4345599096145,-0.00338103289180268,0.009078454691450388
09:21:57.819366,3.9928431743294768,-1.961577447967441,80.39539656936708,-0.0031140066312585596,0.008979705827760205
09:21:57.894876,3.994571534903162,-1.9611994656315745,80.35342274125634,-0.0034430571247315985,0.009127971361197801
09:21:58.010822,3.995174812716718,-1.956050984503478,80.35909600853886,-0.0036383774036853117,0.008897244645450714
09:21:58.214488,3.998235879952944,-1.9544026980451774,80.38065144204354,-0.00405624180910502,0.009089618141636143
09:21:58.299443,3.999340650961237,-1.9531444745959359,80.40575469682851,-0.004234225325269224,0.00915584292034588
09:21:58.404409,4.00472700008612,-1.9526391172792377,80.44628613125207,-0.004748801672140132,0.009198390303608495
09:21:58.584520,4.000481307194888,-1.9484561821185549,80.40451204352232,-0.004564697261240949,0.009082598197394234
09:21:58.724774,4.005695385577975,-1.9492481991714854,80.37651266508097,-0.005032936329276242,0.009326188613411723
09:21:58.784733,4.005695385577975,-1.9492481991714854,80.37651266508097,-0.005193133647663578,0.009310808921019974
09:21:58.864622,4.007748520320189,-1.9484329156088749,80.36150441925834,-0.005329083447884972,0.009394661047261506
09:21:59.024617,4.009528859338192,-1.9517420211652643,80.38769190026173,-0.0054941432678205565,0.00980938347618588
09:21:59.190812,4.008001917172105,-1.9469578979294841,80.24753723187932,-0.005532264389964466,0.009571286022612297
09:21:59.354800,3.998533349255994,-1.9470892220038971,80.22667116848625,-0.005035136566810409,0.009626261774341569
09:21:59.444754,4.001778101094441,-1.9492149797690002,80.18262203219538,-0.005105392478617511,0.009927520386456298
09:21:59.549816,4.0029202428119754,-1.9477519645882742,80.15279533295315,-0.005182896488266137,0.009953181716993956
09:21:59.663370,4.000978255438111,-1.9485989273376263,80.12424765645983,-0.005007231491815036,0.010108495021793774
09:21:59.824820,3.9967597399666883,-1.9493251016338842,80.173012207142,-0.004647144977093539,0.010335467709479226
09:21:59.919663,4.003507329611,-1.9466378514160552,80.33991705092619,-0.005122953241570087,0.01046660775235403
09:22:00.014822,3.9978964377680968,-1.9504931962143592,80.32406199237559,-0.00475463562947375,0.010815015104028752
09:22:00.204840,3.9947738888245703,-1.9499463091582019,80.2915002673189,-0.004611372331505709,0.010887885533350279
09:22:00.474650,4.00910747561476,-1.949867176821253,80.30732591790552,-0.005630588991420642,0.011179650709987497
09:22:00.665733,4.00948653772868,-1.9547006395680193,80.31760964230294,-0.005814707355943007,0.011581532513551282
09:22:00.772662,4.014053812594657,-1.9490010537663487,80.26928963985904,-0.006420808743566704,0.011369893266233302
09:22:00.931390,4.022633900233261,-1.9451329220823486,80.25972989094831,-0.006964250235094227,0.011286701312410408
09:22:01.099489,4.021661371951682,-1.9427678543186468,80.27343445968359,-0.006793487359979288,0.011194086586715335
09:22:01.319608,4.027065468172856,-1.9439149989311197,80.22419271234334,-0.007033310774974481,0.011450427761243805
09:22:01.402240,4.013094756518269,-1.9495068527205976,80.34001746607451,-0.006030593791199424,0.01181140425306228
09:22:01.509584,4.017313043899582,-1.9434283639052927,80.34777980578399,-0.006384367063278532,0.0115464634855649
09:22:01.643066,4.020907647130578,-1.9421420944348953,80.37042508447774,-0.00665195514729831,0.011512057964011902
09:22:01.749538,4.017464311369738,-1.9492278312454725,80.29687261076086,-0.00638609306490849,0.012235273965735358
09:22:01.834371,4.021960417218014,-1.9489022407682528,80.22500496886089,-0.006818601314739503,0.01229874606064665
09:22:01.943016,4.012692974780216,-1.9606665154990652,80.23737726114253,-0.0061028280880762965,0.01306363695642205
09:22:02.004719,4.02145009604755,-1.9545045416130116,80.20700889173692,-0.006797551915604607,0.012834171979188347
09:22:02.099518,4.015218955857784,-1.9537079057899085,80.19991032254352,-0.0063250004856698315,0.012823176487900975
09:22:02.269892,4.012399081499975,-1.9527222493730765,80.26625553181462,-0.006199858465282487,0.012963239669710145
09:22:02.344826,4.016069419222379,-1.9520636976025942,80.35348385762373,-0.006440204804558664,0.013094897713830617
09:22:02.454664,4.007472067612935,-1.9552013326167663,80.30875675733434,-0.00579424268950956,0.013108169347681704
09:22:02.568504,4.006670603489893,-1.9569069541216986,80.28609359015944,-0.0058074668843705775,0.013352068017912555
09:22:02.649540,4.016079210146041,-1.9512543736571608,80.23081599732409,-0.006524449809090631,0.013276728055402356
09:22:02.790411,4.010670376275607,-1.9503607930555729,80.22612137503351,-0.006210532494423864,0.013391906052695097
09:22:02.849585,4.011507052101247,-1.9473689522010897,80.19293482950893,-0.006289851661061974,0.013295291361637325
09:22:02.943798,4.007937317633157,-1.9517939696991211,80.19556940987023,-0.005969389657119237,0.013579430644889267
09:22:02.999683,4.021633521482977,-1.9467503799406478,80.16242523835784,-0.007025003625018513,0.013389101327615659
09:22:03.121002,4.008434165597534,-1.9507139749769742,80.17923368011756,-0.006338546104621829,0.013581780432917818
09:22:03.187246,4.016245092565086,-1.944968349343414,80.29571622382817,-0.00704363793957049,0.013522872100418588
09:22:03.270634,4.010746812057584,-1.941812077136128,80.27187697759298,-0.006664009753312248,0.01333624196656061
09:22:03.399633,4.008325919781985,-1.9419842662788762,80.33886380816115,-0.006605710150724724,0.01324061452065205
09:22:03.559506,4.006069917869095,-1.9409765628226345,80.34681974291256,-0.006430171895342931,0.013257194438213472
09:22:03.689642,4.006520200041876,-1.940343839063871,80.26952655599005,-0.006571969773969548,0.01324908408414481
09:22:03.859838,4.016803316215729,-1.933335716508132,80.31134074178996,-0.007388969487549653,0.012980687986418906
09:22:03.949907,4.019855977270288,-1.9399046675588125,80.40246765178362,-0.007390695942704253,0.013596046989490563
09:22:04.049640,4.02468029074836,-1.946569653513327,80.32755843498344,-0.007528452775708581,0.014239504321414164
09:22:04.384675,4.022454108230175,-1.9427964600936865,80.29578177950015,-0.007402460040033139,0.013951564070384526
09:22:04.479526,4.015122376920873,-1.9440613498919812,80.31313140518392,-0.006722987570384349,0.014043557776035148
09:22:04.609665,4.013923821981002,-1.9450012726407524,80.31473447686481,-0.006706216658057104,0.014241310758183048
09:22:04.732785,4.016421069504195,-1.9429801675018903,80.30759958857907,-0.006773209739835652,0.014231343650595304
09:22:04.789375,4.0147136432081245,-1.9420446150056712,80.38524456375283,-0.006834119625058318,0.014416287370412196
09:22:04.878273,4.017942739287959,-1.935418325089923,80.388625253561,-0.007108920962339737,0.014202530090968979
09:22:04.984093,4.010320784243116,-1.9369507157770043,80.38776725424482,-0.0066282002760061345,0.01434981306192374
09:22:05.129408,4.011680195476683,-1.939006834665679,80.30182457820227,-0.006682645182304223,0.014544725934377787
09:22:05.359657,4.0098833037332495,-1.9400665909652888,80.32181798543098,-0.006601783740966357,0.014854159461483576
09:22:05.413827,4.016254340600253,-1.9395793935470425,80.36372370649902,-0.007046842849479572,0.015016976745499074
09:22:05.491114,4.01358496304942,-1.9367371256310884,80.37844278252336,-0.006951463326578061,0.015031817816237882
09:22:05.589384,4.019362595748297,-1.9359117984886682,80.41461532478957,-0.0074554029358643815,0.015284826260298964
09:22:05.724766,4.0205145168110175,-1.9359378629954729,80.51190276723926,-0.007606059227553773,0.01554940853159354
09:22:05.809456,4.01931107437436,-1.9337326226714895,80.48151881920656,-0.007521948749247015,0.01549244176521241
09:22:05.919681,4.01850292526175,-1.9343615607168139,80.55038605392161,-0.007450166888675715,0.015535203613874069
09:22:06.109364,4.024525808282012,-1.9308096038591993,80.54374897437886,-0.007890235100721309,0.015578301489724302
09:22:06.199764,4.0259538477804835,-1.9339054568395513,80.47742904155572,-0.008046324470308784,0.015957351296314353
09:22:06.390560,4.0282138644649965,-1.9373495366028073,80.46767252222516,-0.00815879256041644,0.01625013643179345
09:22:06.529403,4.028474055599236,-1.9389082102863389,80.49724029715608,-0.008264472509944778,0.016393042084860435
09:22:06.649765,4.028474055599236,-1.9389082102863389,80.49724029715608,-0.008468940160407955,0.01654195077124936
09:22:06.739462,4.031350898755363,-1.9352579940578418,80.45654356958724,-0.008588231412113555,0.016410144043186147
09:22:07.389615,4.028137129807637,-1.9352311505899362,80.51493718997943,-0.008331004343885078,0.016485830865385014
09:22:07.576172,4.030067872574451,-1.930711126146502,80.42674171173014,-0.008390938938772739,0.0162792286291934
09:22:07.681762,4.02288373614934,-1.9353688331467633,80.42887873488672,-0.007888483710238415,0.016680835312481424
09:22:07.949474,4.016592230405478,-1.9423154378741403,80.42715659291571,-0.007427453972146178,0.01725371888874344
09:22:08.079532,4.021230407656401,-1.9434620575804804,80.43392937249759,-0.007621646634147473,0.017486761357676087
09:22:08.259774,4.029716787507404,-1.9424499393545616,80.39598708188223,-0.008340048440337648,0.01765219729316509
09:22:08.349512,4.025396959836221,-1.940009115010741,80.34503056766731,-0.008124565720956316,0.017669751745287777
09:22:08.449626,4.0204129556243915,-1.94571029395053,80.1789764918044,-0.007677472369302113,0.018139904995045857
09:22:08.585551,4.022748022674254,-1.9420797104452112,80.1670775506513,-0.007980339996944141,0.01804191357895473
09:22:08.644043,4.024433571502737,-1.9446804727512332,80.28061282550749,-0.008038270866203172,0.018378191802869027
09:22:08.823454,4.015143652730381,-1.9446309667570798,80.32078096067151,-0.007561816364214292,0.018413409989037434
09:22:08.944595,4.018356197763694,-1.9449428975975984,80.25910981974026,-0.00787997796403318,0.018611693333913215
09:22:08.999595,4.015364679823693,-1.945865834202339,80.26872794087771,-0.007848803905090972,0.01879772905487533
09:22:09.109452,4.018244541616283,-1.9423574568278297,80.22357764116632,-0.008178808390228068,0.018728666204638988
09:22:09.199500,4.014649467029828,-1.9392785909967718,80.27398277198785,-0.008043433277955096,0.018596081686882517
09:22:09.359368,4.016566932794118,-1.940083690557862,80.21620018394829,-0.00827928348641103,0.018703861947459068
09:22:09.480716,4.016758466109163,-1.9430755987044255,80.22659811714503,-0.008231439967002735,0.01904199965223519
09:22:09.539645,4.020367163803626,-1.9448520361002748,80.21707668873348,-0.008670422107501734,0.019372859893173496
09:22:09.619826,4.017030002037632,-1.9419104346196419,80.10655870024937,-0.008452403712366783,0.01913259764028278
09:22:09.744784,4.01999159393639,-1.9438818478676874,80.09277839144629,-0.008661925001775433,0.019202624413946462
09:22:09.909466,4.020263138069636,-1.9400864224256205,80.18542039371678,-0.008817432631132346,0.019068352692006265
09:22:09.989768,4.020263138069636,-1.9400864224256205,80.18542039371678,-0.00899010970021879,0.01891433386857629
09:22:10.154761,4.019404623563672,-1.9422295535973326,80.27973682373398,-0.009005423565139814,0.019085989746420704
09:22:10.249680,4.02118178509246,-1.9469526327529605,80.18043668249533,-0.009050251086102518,0.01957728257345325
09:22:10.349581,4.022080841481521,-1.945331700709373,80.06567285148813,-0.00921840049007866,0.019613676516094893
09:22:10.466070,4.028147530721234,-1.9443633504861046,80.09829214311092,-0.009757612095348863,0.019758978390990844
09:22:10.679850,4.033256282792322,-1.9425802543047885,79.99503828905786,-0.010122737649658865,0.019816617384145294
09:22:10.742600,4.03211428204296,-1.942526715515674,79.992302346675,-0.010126941080857002,0.019935486948737098
09:22:10.849628,4.031459725673834,-1.9409587010214893,80.1025525878254,-0.010191088209355614,0.01994386705215837
09:22:11.039442,4.0283478671358175,-1.942414145159186,80.10308092169507,-0.010163120036864577,0.020056102173035516
09:22:11.119459,4.030037330843909,-1.943176837885611,80.10002078527835,-0.010362927161365611,0.020270128396433235
09:22:11.319551,4.028334849627097,-1.9415339411659311,80.19161971820506,-0.010346795782761915,0.020266186019187695
09:22:11.383713,4.022654428375317,-1.9470710998567142,80.25506628209698,-0.009856832868001045,0.020603004716865058
09:22:11.477605,4.024073432480096,-1.9449662808125867,80.3030167145248,-0.010044022217494673,0.020730362063243808
09:22:11.549849,4.02093076423351,-1.9431037345317073,80.31958284438858,-0.009920793715120996,0.020699663824676123
09:22:11.707744,4.020643622648082,-1.9457695140431395,80.35689637578035,-0.009842205368160701,0.021008070313747827
09:22:11.844447,4.017265110480158,-1.9500580154378553,80.37954756038069,-0.00953231895531439,0.021292542307886037
09:22:11.981679,4.015987475311919,-1.9517254673069973,80.36072975086195,-0.009395164528093683,0.021516797844707114
09:22:12.069380,4.01788241096347,-1.9477729861817759,80.32006107161948,-0.009668958645548868,0.021388569096210706
09:22:12.269423,4.0188324033363,-1.9436288956695058,80.28389813916918,-0.00977041685086069,0.021209322595927203
09:22:12.329456,4.014340716665392,-1.9431349388391952,80.22165980520663,-0.009666446236678557,0.02116296751542682
09:22:12.449704,4.014097176316678,-1.9415850231433098,80.18019671127132,-0.009768602718983332,0.02108034409713047
09:22:12.504292,4.01252003150736,-1.9422586086678026,80.1639615033421,-0.009708629583714452,0.021364660857258685
09:22:12.584492,4.010582625938094,-1.9372517956966988,80.17983546417574,-0.009699066920487038,0.021223946152839155
09:22:12.689614,4.0092465213042985,-1.9374352101978993,80.20382045324808,-0.009792195534469124,0.02138420976916288
09:22:12.759360,4.008059307169558,-1.9354695035047425,80.21565927695019,-0.009812517526293453,0.021370478303655915
09:22:12.932795,4.007166604928895,-1.9334260462513642,80.18994530996066,-0.0097357061240036,0.021432313119348092
09:22:13.064697,4.009118664872771,-1.937048701904799,80.15780172102718,-0.009827636759429012,0.021727402622094275
09:22:13.279598,4.012486342586909,-1.9359714465226685,80.13855785027765,-0.01005704573736611,0.021816264304708375
09:22:13.339493,4.008350333283832,-1.9356143851076941,80.20354902637209,-0.009827597342142294,0.021985162252927203
09:22:13.439334,4.014525926144244,-1.9332724273118305,80.23834295177626,-0.01017120504751052,0.021991938203538012
09:22:13.564792,4.015175153498734,-1.9306439493983232,80.16407981989055,-0.01035176277547163,0.02184096372628687
09:22:13.674095,4.013001599204628,-1.935490769219481,80.18362491574608,-0.010083791520475303,0.022401297116234623
09:22:13.754409,4.0169449480705826,-1.9406086357378203,80.22564633336414,-0.010280332127338006,0.022941421318017415
09:22:13.829734,4.011380297325198,-1.936847768927467,80.22052682088193,-0.010115615452381644,0.022761249904967834
09:22:13.939619,4.01413503879732,-1.935765391694692,80.18869355854122,-0.0101948045668813,0.02281568435648965
09:22:14.049754,4.006891022289736,-1.9352718444268566,80.15534123726165,-0.009871700745183763,0.02284573897600979
09:22:14.120958,4.004539697224418,-1.9392959731869266,80.15888317863458,-0.009750511613708551,0.023142347462202974
09:22:14.223167,4.00287425842766,-1.9393725171721021,80.12226176290712,-0.009724194478144323,0.023167499633985532
09:22:14.453867,4.003149656695637,-1.9388091830513714,80.1097452714368,-0.009814222829307563,0.02338506293526615
09:22:14.515767,4.007854519208828,-1.9373471282159807,80.04555038950562,-0.01015150327129616,0.02345485877001963
09:22:14.609532,4.014697017560544,-1.9359994785890418,80.07038225994901,-0.010520661186779733,0.023557568835787412
09:22:14.689716,4.017504486714792,-1.937520285576701,80.073803191497,-0.010802188535738584,0.023826942493229187
09:22:14.845484,4.020647725122663,-1.9385911082632186,80.08526249002287,-0.011103609275651528,0.02408246156140268
09:22:14.965535,4.021197328441689,-1.9360016674205176,80.01775039362725,-0.011268139795241142,0.024030450354085426
09:22:15.059318,4.021078522291271,-1.9386872331479283,80.08342359651218,-0.011310155792560696,0.024361903318722036
09:22:15.289386,4.025377251898478,-1.9411391671085214,80.09644895877881,-0.01133993885780723,0.02468103968605736
09:22:15.351847,4.025622162376971,-1.9404761911993447,80.16705145501389,-0.011341619189826981,0.024753824469603954
09:22:15.436181,4.027293302030634,-1.9398783406539382,80.15598255163725,-0.011446692874777856,0.024849241670748076
09:22:15.644366,4.0268912302679265,-1.9415095775596902,80.13162594581743,-0.01147901828648335,0.02510699836401628
09:22:15.774437,4.025401223360134,-1.9407116366408905,80.13477021031488,-0.011467595212444186,0.02516733983475814
09:22:15.941474,4.019895969252028,-1.9430232102262914,80.14063090305002,-0.011124864111939718,0.02540288538475278
09:22:16.009502,4.020252333448952,-1.9456888261883687,80.12334750056523,-0.011209519275349957,0.025731614410340973
09:22:16.114711,4.024012725942111,-1.9438543395424464,80.11654774013267,-0.011457875300623073,0.025881480952963998
09:22:16.202684,4.026510427513827,-1.9457456810871914,80.14361180139933,-0.011701743644505758,0.026188525546207358
09:22:16.374388,4.022623930569957,-1.9480800274757641,80.1277898275528,-0.01150058267294915,0.026328874059517973
09:22:16.499500,4.018545143779491,-1.9478332163661403,80.13316109077006,-0.01130774564024844,0.026292731146050196
09:22:16.563014,4.016857898370048,-1.9447989248661384,80.10364757393967,-0.011310095707221343,0.026187731162166206
09:22:16.649629,4.017607066075725,-1.9410700410728816,80.06961258599372,-0.0113875877700673,0.026043338305429164
09:22:16.719423,4.017768886974125,-1.9407962770180334,80.10895069316861,-0.011478947511833695,0.02617738941169338
09:22:16.811297,4.017478641352786,-1.9430199361584317,80.05805053897927,-0.011512310964827807,0.02647963942524922
09:22:16.929791,4.0129455238145875,-1.9393916856219746,80.18866546684434,-0.011317564381342965,0.026293630394282612
09:22:17.029352,4.006638328924021,-1.9396115095535946,80.30045008642625,-0.011073206148206729,0.02627387261571656
09:22:17.111807,4.012636196326553,-1.9450086443342371,80.2436661357672,-0.011304468364349514,0.026846049542271048
09:22:17.286367,4.011082549554369,-1.9425296413635829,80.29642969270564,-0.011179697207823792,0.02687450441646916
09:22:17.449345,4.008030111054621,-1.9370549459497386,80.37029500884299,-0.011109460434023485,0.026581469165243107
09:22:17.604673,4.009191334407385,-1.9330381796788594,80.33747187024412,-0.011441907231173424,0.026458262300579908
09:22:17.764538,4.002519000368783,-1.9309291008297271,80.37916240449029,-0.011176217493468301,0.026384166483059798
09:22:17.914282,4.0010347084756965,-1.9332239567049516,80.29653783514311,-0.010901513038512662,0.026640882016848687
09:22:18.035875,3.9989925526355665,-1.940665966537381,80.31031893473612,-0.010876670628980966,0.02720182122641315
09:22:18.089585,4.002189329683488,-1.9339336576953097,80.3132329176496,-0.011188232944091032,0.02675834267554134
09:22:18.179580,4.001644041036323,-1.9367502006600863,80.31173868963509,-0.010973708457498852,0.027062734482550553
09:22:18.342132,4.003504671813138,-1.933440213030467,80.3046724492141,-0.011232453226073972,0.026988850558240313
09:22:18.509762,4.005706355860987,-1.9339069674762743,80.3380097782048,-0.011487631300194803,0.027084115895797463
09:22:18.649364,4.006151919301267,-1.9330935358819339,80.37768843688812,-0.011506291738098343,0.02714848477893833
09:22:18.849499,4.007040588200418,-1.9351476890289667,80.43770714673948,-0.011520836074477207,0.02742739623496935
09:22:18.929745,4.012540290765039,-1.9320313170249466,80.42946389415754,-0.011912611761193787,0.027503845355171617
09:22:19.121680,4.009218722313209,-1.9342848842907416,80.4629529376053,-0.011627859897402636,0.027647752628663546
09:22:19.202601,4.016671697307099,-1.9363067342709852,80.496894035344,-0.012028989413715574,0.02787567644612411
09:22:19.421884,4.016671697307099,-1.9363067342709852,80.496894035344,-0.01210314940038571,0.02806405170913943
09:22:19.532317,4.012854160011054,-1.940196148975666,80.42664501804545,-0.011867059004023775,0.028439084842791264
09:22:19.729495,4.0143058302203265,-1.9402104087526326,80.30804658204215,-0.012056356856258695,0.028600355137298923
09:22:19.889558,4.011932940277926,-1.9404074983303692,80.28352206095079,-0.011770328539384532,0.02856676634716547
09:22:20.050370,4.013781916048552,-1.9412727859773125,80.34631342822338,-0.011864131118055368,0.028778159609918665
09:22:20.229703,4.011964824555482,-1.943894885421382,80.36343035284797,-0.011688919480832893,0.028960698820569772
09:22:20.314414,4.0112960605225085,-1.9416866179759942,80.40263735655408,-0.011750077433519463,0.02893577749595286
09:22:20.459312,4.008869287553648,-1.9462266939121364,80.39704411087169,-0.011613234903551012,0.029277118890718427
09:22:20.514199,4.013075790561001,-1.9461342601448874,80.43105881208773,-0.011780601913287461,0.029429155469268102
09:22:20.600854,4.016472761577679,-1.9427675311241048,80.46939542318847,-0.012051059695918489,0.029337250831682368
09:22:20.694728,4.017168223271877,-1.9453792857764827,80.40975264310475,-0.012181833551581277,0.029554267738215054
09:22:20.904461,4.0165431335118384,-1.9432953127466774,80.40790782348145,-0.012244454866080761,0.029538769489214144
09:22:21.052861,4.011508493576712,-1.940011353583671,80.40631684797883,-0.011982230064290755,0.029492473631674825
09:22:21.223748,4.012412004782866,-1.9342028785476493,80.31084616277082,-0.012200220728091392,0.02922313245769542
09:22:21.329379,4.006918088331584,-1.9337539267964872,80.26591779744406,-0.01190643135716495,0.029156190284714067
09:22:21.449560,4.003594806694375,-1.9350308959486222,80.2602218496245,-0.011619717008782877,0.029332885178147118
09:22:21.554498,3.998440198228253,-1.9365192803662488,80.29259664709235,-0.011308131009622236,0.029519978724634344
09:22:21.659713,4.000141355430822,-1.9384691042377855,80.26375318084635,-0.011490237848591794,0.029826652214953876
09:22:21.829663,3.991706852185005,-1.936507897917902,80.33883499898465,-0.010988693487831287,0.029712873317219023
09:22:21.972361,3.989174142792544,-1.9371733377961833,80.3144703729109,-0.010994816072928945,0.029885531871231524
09:22:22.099361,3.9905764678878364,-1.938133833736643,80.25372485461995,-0.011057006609630158,0.030097754508509315
09:22:22.168259,3.990479081979224,-1.9355553270131518,80.25630483630214,-0.011150559742581273,0.030156731568434073
09:22:22.245795,3.998396751429123,-1.9337166666579464,80.28087820784346,-0.011831755393444192,0.030267295474986376
09:22:22.329986,4.000785854907177,-1.933441338074558,80.24462457352158,-0.012222570290108899,0.030410507755751277
09:22:22.484421,3.9996130235913547,-1.9334317178080227,80.30915563129643,-0.012315631676462232,0.030662692549352916
09:22:22.669594,4.0001854705464925,-1.930570860907539,80.3501673992094,-0.012345294955652987,0.030697560281007046
09:22:22.729876,3.9980754957966,-1.9306517163204926,80.31311730816597,-0.0120510199598927,0.030784320368830383
09:22:22.829609,3.9977153136806045,-1.9331215716637666,80.29994753101609,-0.011952016422422367,0.03118883715316311
09:22:22.979753,4.00289943609103,-1.939505021669757,80.33283271888392,-0.012325180731725033,0.031870352471694695
09:22:23.126390,4.001045131926772,-1.9390781204944791,80.33198515197559,-0.01226428149807012,0.03206400136788794
09:22:23.349513,4.0023067825449035,-1.937070331123327,80.34262252523831,-0.012352206326294865,0.03205864494377814
09:22:23.491969,4.00033515133058,-1.9337224369444757,80.34338020272507,-0.012425001116373319,0.03206425985294463
09:22:23.604310,4.001158843928503,-1.9363461860485438,80.40539508248861,-0.012557534418696085,0.03229233270332152
09:22:23.729741,4.000374306491652,-1.9330451739693526,80.38627334787496,-0.012610178191772767,0.03228990160469985
09:22:23.871566,4.000990768422341,-1.9295954819157999,80.34535998810458,-0.01287765073371068,0.03231207411209373
09:22:23.969514,3.9950492725200544,-1.9323393757772747,80.40333803590697,-0.012724661354839462,0.032605191470486426
09:22:24.099752,3.996949260324861,-1.9316892478937069,80.4736835110642,-0.01295275820952835,0.0327262697281284
09:22:24.254452,3.9884393218924514,-1.9335137126940125,80.45083325920386,-0.01251520571349456,0.032904047388680226
09:22:24.354337,3.9938645134295645,-1.9310335279717972,80.48270153715458,-0.013028900995834052,0.03292778656055393
09:22:24.449749,3.99482627068528,-1.9267758572142641,80.39656782481984,-0.013121551493146208,0.03275394827881062
09:22:24.569712,3.9970537099417554,-1.9278798756552942,80.45935256945803,-0.01346270847967168,0.03302634156484106
09:22:24.729368,4.002599022322567,-1.9267135546588836,80.44904299440512,-0.013963891385447865,0.03315296899819118
09:22:24.894473,4.007439281155417,-1.9322501729328103,80.38800739227887,-0.014245578554607823,0.033621988365621684
09:22:24.999574,4.005963429241531,-1.9294999336729497,80.40719997835726,-0.0142783497852879,0.033429615724584937
09:22:25.109557,4.009592089196851,-1.9354839867509668,80.3779492506576,-0.014446677333601549,0.03402862484696468
09:22:25.209631,4.011673124258989,-1.9330653851976993,80.37452739169073,-0.01458598896755412,0.03410713097799344
09:22:25.369728,4.009681462613336,-1.9325995971220262,80.34372458748176,-0.014405115392108432,0.03427781558909629
09:22:25.484256,4.016194202924455,-1.9364599770155504,80.40156260283817,-0.014824165459367676,0.03464803029409533
09:22:25.629345,4.016394000593404,-1.9389090845456778,80.44066079086505,-0.01468682264873716,0.034823974172901645
09:22:25.814423,4.016528892108688,-1.9448655583758727,80.52071575502279,-0.01436982621259339,0.03534548258722068
09:22:26.024543,4.015192816935426,-1.947153321232888,80.44300484418383,-0.014574260170654503,0.03555782673120937
09:22:26.284734,4.019453987915919,-1.9468913405360897,80.46490399247205,-0.01499415453884733,0.03561760560450158
09:22:26.519383,4.021023383912596,-1.9453086420088337,80.43140572428348,-0.015104536484896517,0.035639373381281765
09:22:26.569474,4.021525772556041,-1.943380088307486,80.38889085398993,-0.01525239702413991,0.03564144289498916
09:22:26.649520,4.017434276772093,-1.9345043895655494,80.43879765314053,-0.015139638928854964,0.03518466646639612
09:22:26.800717,4.014288065126498,-1.9315947118736432,80.51136692331856,-0.014918657087678986,0.03505831694972744
09:22:26.949441,4.012322822901368,-1.9274831968582058,80.45043071878555,-0.014884872096753007,0.03499696014097199
09:22:27.049679,4.011870626637555,-1.9308215791173793,80.40676715722992,-0.014765408027595546,0.035471511302130145
09:22:27.139492,4.010071496529778,-1.9296742066343484,80.41464995665734,-0.014722585756870337,0.03560647637582909
09:22:27.279551,4.016249613034716,-1.9348597207390557,80.36491205212232,-0.015105491516359894,0.036066556554080045
09:22:27.429489,4.0164240518615,-1.935571331706981,80.33364556811891,-0.014956725111110424,0.036330892080277254
09:22:27.594562,4.019864508646524,-1.9428456004759425,80.28311561958682,-0.015095433567388995,0.037020243078954865
09:22:27.709601,4.022663694993353,-1.940411672947238,80.31475564577231,-0.015416758735259925,0.03701568898825936
09:22:27.863898,4.017376664571051,-1.9370249218346547,80.36120507383508,-0.015167217383199125,0.036832547730272225
09:22:28.019370,4.02597911118361,-1.936596040150548,80.34096555334813,-0.01566439794702385,0.037006281281096697
09:22:28.159688,4.031084219938184,-1.9399666384393017,80.37465614847432,-0.015858391763633333,0.03741452341570109
09:22:28.399474,4.03046577180342,-1.9360344000185514,80.35864992853135,-0.01593071479206715,0.037368308128581884
09:22:28.464346,4.025385301575398,-1.9337913514572607,80.32290805346031,-0.015676176101970373,0.037279775299690246
09:22:28.589634,4.023048255631387,-1.9399902068012318,80.29625106282901,-0.01553064832098388,0.037735999668616356
09:22:28.659256,4.022306550736343,-1.9329503690372152,80.28230903693722,-0.015651154207563987,0.037351459426474026
09:22:28.824323,4.017933688485858,-1.9293132922892868,80.25177047208605,-0.015358940717708384,0.03714351293802386
09:22:28.974327,4.017944641717922,-1.9236713628760511,80.21708797037537,-0.015419324740024113,0.03674698539806393
09:22:29.144375,4.005732344466745,-1.9070874860428446,80.25133968801549,-0.014935244264752184,0.03554883994341665
09:22:29.334483,3.9994143771307686,-1.9080248011088816,80.24780633751612,-0.014434610742847145,0.03566330277680599
09:22:29.479496,3.996281891267402,-1.9031512851832018,80.29973630988741,-0.014326573748909447,0.03553101807145401
09:22:29.622859,4.001232800273342,-1.9143078298145064,80.30675465023515,-0.014629287912515075,0.036548294386767266
09:22:29.789584,4.00473640258987,-1.9248893998854746,80.31173085501537,-0.014733752548776662,0.03747412303484478
09:22:29.865433,4.000683786622801,-1.9204706686289679,80.32517412839218,-0.01458120199741392,0.03723860583359122
09:22:30.033295,3.9982017479345964,-1.9152153243498458,80.2224227544823,-0.014551237931907239,0.036962292474370155
09:22:30.174437,3.9989159977281106,-1.9189134277288813,80.18350437525616,-0.014764564157741637,0.03729962126228283
09:22:30.269858,3.997294052241408,-1.9224812043335895,80.2019394461309,-0.014774943388698177,0.03781339414941791
09:22:30.442999,3.997294052241408,-1.9224812043335895,80.2019394461309,-0.014790939180897035,0.038164397278305694
09:22:30.643442,3.9928791725606074,-1.9230341627980265,80.23860752205633,-0.014308657678069915,0.038357450079422005
09:22:30.814793,3.9910129486343124,-1.9241437371722008,80.247315481792,-0.014454319201180484,0.03869417715788581
09:22:30.909609,3.9930001348216297,-1.927954077260763,80.22839465765125,-0.014638984885235299,0.03913335454663813
09:22:31.049676,3.995986373602509,-1.9285536830356105,80.25417787819667,-0.014930120821318612,0.039359009202834014
09:22:31.177060,3.9953320623402955,-1.9282496856099194,80.25852137936145,-0.015084533571645287,0.0394849112936688
09:22:31.259379,3.9986448903785896,-1.927496655723613,80.24997135080885,-0.015200079663981078,0.039570242479489565
09:22:31.479650,4.0020507458070425,-1.9337988118441716,80.22321045485174,-0.01547600795970211,0.04009749433297571
09:22:31.694473,3.998184732451271,-1.9343898727277895,80.18415641675782,-0.015264725803395484,0.04024378663457291
09:22:31.821659,4.005378239296806,-1.9325875476373362,80.18608380413781,-0.01588771005586742,0.04035484490659596
09:22:31.889637,4.007838488637892,-1.9265897655285944,80.1509788091361,-0.01611272127496698,0.04007357078768114
09:22:31.959600,3.9990905196076962,-1.924174942334415,80.224121377528,-0.015705068884452354,0.03994154965425068
09:22:32.109476,4.004545829825591,-1.9242120524961877,80.27279973613146,-0.01616386625789819,0.04026958238769823
09:22:32.354673,4.002236672866167,-1.9235471776216961,80.24734327859836,-0.01597534068007676,0.040317777227695056
09:22:32.529739,4.006129752580371,-1.920558624903339,80.331718603712,-0.01604565125531686,0.04023615299130865
09:22:32.699490,4.016166207668653,-1.9292186371495645,80.3637558560893,-0.016420749695025175,0.041071940150199555
09:22:32.884539,4.0195211629143195,-1.941328933973021,80.36048555442339,-0.016713799389220237,0.04215107346812369
09:22:32.950491,3.9932915519112115,-1.92644793733781,80.26180100157987,-0.015410687838156974,0.04084996540962178
09:22:33.043007,4.003488879127659,-1.9381019817510308,80.21169314868487,-0.016314813873874408,0.04200487111243621
09:22:33.134609,4.023374872935935,-1.92071927166217,80.24586262253804,-0.01806397293506352,0.04113815989457158
09:22:33.254719,4.037077823656644,-1.9245939994695538,80.21182428638022,-0.019097257038700535,0.041734539522124
09:22:33.474480,4.011252715355997,-1.9228425896706625,80.22930892932972,-0.017449451270479248,0.04142329980790073
09:22:33.579707,4.03866623628995,-1.9179533850892088,80.18467646491786,-0.019249754299672076,0.041589131329472145
09:22:33.652683,4.036235008308994,-1.9074517890330749,80.20131933320225,-0.018983509466122372,0.04075363419178096
09:22:33.789349,4.035259464133403,-1.905558916994474,80.24226900875226,-0.019018416970559268,0.04074807263908824
09:22:33.974613,3.9694802296988017,-1.9136296680286287,80.31114280654883,-0.015347413843545616,0.04071207673548629
09:22:34.134390,3.933762066977807,-1.9179852576621435,80.37282183993361,-0.01332827888615167,0.040821747266525335
09:22:34.314452,3.931085553086518,-1.9056834515082228,80.3883897346497,-0.013220503844458652,0.0402391116173699
09:22:34.444715,3.9510667622206066,-1.9184619762551602,80.43641800952464,-0.014132907666375418,0.041599875696796344
09:22:34.565703,3.9714628595548955,-1.917714951357175,80.4427908537311,-0.015357911225084382,0.04199512722438012
09:22:34.669504,3.965216988815349,-1.9107044716899395,80.4175865030008,-0.014859028118923869,0.04150125018610787
09:22:34.809684,3.97351081093286,-1.9085169488097866,80.44722132129836,-0.015326236614650315,0.04166924917165567
09:22:34.969703,3.962059241403268,-1.9037184749501341,80.42703941502435,-0.014615445239264903,0.04143498013559387
09:22:35.144405,3.9598504012490463,-1.9117277324107165,80.36190144464315,-0.014553107453483377,0.04215399337714141
09:22:35.385718,3.9755417055266062,-1.9054967662213864,80.40274680968061,-0.015856706756858956,0.04204199093008974
09:22:35.564499,3.978908451823203,-1.9059004359015284,80.3053098974351,-0.01631513587035246,0.0421545277030231
09:22:35.779641,3.986461951379602,-1.9046495300566446,80.30805657596142,-0.016744800353348396,0.042256290434134786
09:22:35.920604,3.9852623888026484,-1.8996495065604588,80.32887503462243,-0.016956616459412134,0.04181081074208878
09:22:36.024700,3.9860696242852245,-1.909582717933443,80.24141825517671,-0.01697459024981295,0.04269448301732085
09:22:36.139578,3.995509249009264,-1.9059937183172115,80.18688560264123,-0.017344302341621893,0.04261775249810135
09:22:36.283083,3.9941746832318907,-1.9006237577578629,80.12277081705119,-0.017150213890473928,0.04243470009904969
09:22:36.412616,3.9803563242376416,-1.9129357249358772,80.14768005121168,-0.01607576944968986,0.043289957167317275
09:22:36.470563,4.006578801512039,-1.9058383237873724,80.14909222457194,-0.01794792543100944,0.043107548020185335
09:22:36.589320,4.056475450149212,-1.8850197388407355,80.17720002314003,-0.02049003718603377,0.04259008716544012
09:22:36.659598,4.1156758498018515,-1.8808825979747859,80.16885569497813,-0.02295753548191754,0.04318589491823463
09:22:36.884308,4.105760199676041,-1.8955415514289307,80.15422555469172,-0.022713266587422728,0.0442507934071303
09:22:36.969337,4.0991705724651855,-1.8896839066864752,80.09948902905145,-0.022277412214467048,0.043868207233910946
09:22:37.101472,4.0991705724651855,-1.8896839066864752,80.09948902905145,-0.02064295582999024,0.04449780619507497
09:22:37.279361,4.072540432227608,-1.9001775954452294,80.15205061971295,-0.018659339237597827,0.04505298343688453
09:22:37.434725,4.049505411464308,-1.9102496542687586,80.16398074214214,-0.01695287894109179,0.045617035843418224
09:22:37.589638,4.044895707162536,-1.9380241620811454,80.28828910332435,-0.016113382139637897,0.04767341340005708
09:22:37.821668,4.055386123068273,-1.921708349286713,80.35053310576939,-0.016843027367811122,0.04669287301657155
09:22:37.919651,4.049096739733303,-1.942587605959076,80.33923918881273,-0.016210255093950698,0.04827943249436764
09:22:38.009350,4.0493935375187435,-1.9281240945781446,80.26720882352153,-0.016618883113170127,0.047278755231059975
09:22:38.126362,4.0422924183018525,-1.9357036417256075,80.22538315630341,-0.01607223268635484,0.04799943011126444
09:22:38.365770,4.038001931741359,-1.9235991310499996,80.31430283009207,-0.015979344457120816,0.047318259173028836
09:22:38.509819,4.036734554973548,-1.918539248123813,80.28414983324359,-0.016143019211217365,0.047096794031425734
09:22:38.689410,4.0347313295536456,-1.9222159744531835,80.21419022158936,-0.016164730014826354,0.04739156616150323
09:22:38.794522,4.038239532461215,-1.9301978385067975,80.19529225528775,-0.016315150443856993,0.048022451289832305
09:22:38.870263,4.0336926009577905,-1.929062890384995,80.20797726123365,-0.015868548044674247,0.04797391823418083
09:22:38.964525,4.037305615761769,-1.9316373745269906,80.2925676481358,-0.01598160602580523,0.04819533551432141
09:22:39.044391,4.032928286887037,-1.929595653079722,80.31749820250785,-0.0156457543924544,0.04822050795130008
09:22:39.129407,4.031720051208946,-1.9305797347553202,80.37602853121821,-0.015646123678279385,0.04831044056755661
09:22:39.229447,4.029274547032377,-1.933218226739679,80.33677507919248,-0.015547175868492722,0.04849138014879528
09:22:39.304482,4.028192833962898,-1.9310595251058364,80.28782203591132,-0.015471369080372315,0.048439085682112235
09:22:39.399697,4.027304558474103,-1.9349497354376874,80.29631354876165,-0.015445220798053171,0.04884829506842697
09:22:39.499409,4.027820070372243,-1.9347821689775249,80.270495191217,-0.015461248456227194,0.04896053213773159
09:22:39.694795,4.025072701532671,-1.939589776962735,80.27607670300235,-0.015177036204800673,0.049394542176880905
09:22:39.779433,4.023143239638816,-1.9405247446893719,80.23238251289231,-0.015136213127660616,0.04945768178874438
09:22:39.919591,4.016051157282963,-1.9432933288013117,80.24197315342956,-0.014667104177580258,0.04971434546929375
09:22:39.983863,4.023095282532068,-1.9366688036849031,80.30528364777719,-0.015341735399949909,0.04947444172713886
09:22:40.134583,4.030324722155751,-1.9296667765158864,80.39063355888206,-0.016049608948095664,0.049188308175633876
09:22:40.229595,4.015966465680566,-1.9283651797840264,80.43039544540825,-0.01497657765279721,0.049142405110278974
09:22:40.404768,4.0174551374891765,-1.923907423749919,80.38508758300087,-0.015222446231130088,0.04897877705164388
09:22:40.549633,4.018980253801046,-1.928109712634943,80.36346786970164,-0.015235184082001585,0.04953882302795608
09:22:40.659432,4.01926556451331,-1.9268628793179259,80.25594340878065,-0.015354328194459456,0.04959481767719412
09:22:40.769348,4.022391321804319,-1.926278550879765,80.26537855026804,-0.01568104351129552,0.049721398276514145
09:22:40.859327,4.012932531429817,-1.9341201735330371,80.32254480029813,-0.014978899410073826,0.05030906233947546
09:22:40.963379,4.019231422006143,-1.9296888098769172,80.29249026501942,-0.015357298898221211,0.05016289534558396
09:22:41.116109,4.025483362577098,-1.9265831713504555,80.31054434239003,-0.015929869045535314,0.05024888625186325
09:22:41.344726,4.0278421240340165,-1.9288077593877326,80.2971490049172,-0.01605035507799148,0.05055801182087067
09:22:41.808551,4.016141598272507,-1.933671470317647,80.28968556646976,-0.01533689689988205,0.05092283713206008
09:22:42.072458,4.005617560577602,-1.9387859484308034,80.29439574324869,-0.014705538779316499,0.051319880963121886
09:22:42.159477,4.013754345589567,-1.9405008688940275,80.33217775733534,-0.015362274016721881,0.05168468213483418
09:22:42.424736,4.038362856916924,-1.9396525744752353,80.23409224593331,-0.016693962598464087,0.051969090287325645
09:22:42.573489,4.0355074795399295,-1.9394891837934758,80.3118067491708,-0.01633425830214698,0.05212895046548566
09:22:42.834719,4.026190423688263,-1.9400485298473662,80.30525529869756,-0.01561293222313596,0.052275856126838174
09:22:43.024600,4.017721648040414,-1.9386858721232236,80.3491020303979,-0.015231282633816644,0.05211530906618646
09:22:43.309540,4.005000842033348,-1.9283458444036317,80.36570934152266,-0.01442385556104031,0.05121723288621464
09:22:43.609752,4.021972239771749,-1.939630423349287,80.39401458487382,-0.01570402210897117,0.05251283382860752
09:22:43.909562,4.020695558428202,-1.952142564943488,80.41208685741626,-0.015571901340377987,0.05342040554807528
09:22:44.119350,4.006548647148197,-1.9556210317612466,80.45381059895554,-0.014582428431786315,0.05364037248562524
09:22:44.219719,3.9966355982910344,-1.9582741702810933,80.42345102438661,-0.013910721985542484,0.053857547644231986
09:22:44.465805,4.001136254835594,-1.9593871474565683,80.39732567746498,-0.014330893517187046,0.054019021419216336
09:22:44.554674,3.9997200595178954,-1.9604457194938798,80.43717855777749,-0.014315361119426792,0.05411156316709075
09:22:44.759576,4.0017914688647,-1.9649416863321765,80.42156134073554,-0.014401056539127212,0.054478486699632525
09:22:44.884284,3.9973039433534368,-1.9703970577766257,80.4574540996075,-0.014102133765095568,0.05485973506107194
09:22:45.149531,4.0072074120708665,-1.9680490925286138,80.4147575503218,-0.014805936412754418,0.055044206044805345
09:22:45.309409,4.006838408096591,-1.9603966446444714,80.4136353244208,-0.014955444984307804,0.054626837553957926
09:22:45.589633,4.0024183778725835,-1.9583865691135829,80.4588676923066,-0.014649033435295672,0.05443940516620984
09:22:45.799417,4.000655375817411,-1.9621002520363566,80.3463723066711,-0.014679322521194416,0.054753967840428484
09:22:46.009658,4.0053988565728185,-1.9607112255838808,80.37321386907978,-0.015017868858065159,0.05483021197828986
09:22:46.249438,4.005838376784516,-1.955025111500473,80.34734765518294,-0.014961439151264957,0.05463878330162618
09:22:46.352711,4.005490663164343,-1.956243163714998,80.36098236928403,-0.014910698084402424,0.05473740590041794
09:22:46.559372,4.000876533370598,-1.9560474786160427,80.39210130878536,-0.014775468309763264,0.054821596002459984
09:22:46.631705,4.000541454407744,-1.9587469007767655,80.35338464419621,-0.014708118330773755,0.055028433021934144
09:22:46.769468,3.9990777395379604,-1.9634671722132007,80.34831292645087,-0.014644075093471598,0.05538693909002162
09:22:46.909552,4.001348254632661,-1.9606846197837946,80.45562042356454,-0.014936356073479366,0.05534441152178548
09:22:47.010416,4.000775482955421,-1.9599000131324478,80.35122423665159,-0.014893706970083628,0.05529476337964973
09:22:47.249668,4.001834255398116,-1.9563753453038093,80.3311583306674,-0.015231282099689665,0.05509555365381872
09:22:47.329283,3.999732063034577,-1.9554552385448434,80.29585917513592,-0.015177109157899398,0.05513955008521131
09:22:47.399258,4.002257637712711,-1.9545116017892505,80.3283465297197,-0.0154546542256472,0.055247098608445566
09:22:47.634782,4.000986323407699,-1.9503263190747147,80.39282672847823,-0.015507348016038846,0.05505662059771851
09:22:47.724659,4.008508313367079,-1.9470738560704943,80.3179429092919,-0.016066368868453702,0.05503477894803749
09:22:47.810385,4.007598563543125,-1.9443297349626567,80.36341116211725,-0.016097667144972756,0.055078713174116556
09:22:48.133520,4.008966604555035,-1.95055150423402,80.28150692075347,-0.016340129790390498,0.05559205361849964
09:22:48.494552,4.010852530169317,-1.954694547880738,80.28577040180198,-0.016420412850468386,0.05592419747621312
09:22:48.628201,4.01008218982773,-1.9536662514252214,80.30954502804013,-0.016497042486570884,0.0557621825645544
09:22:48.818744,4.01306931097241,-1.9582269104437566,80.23965491475208,-0.016636267632064463,0.0562487560529731
09:22:49.081427,4.0068306554367075,-1.953674490309972,80.19244897838828,-0.01634438009101283,0.05586683917808364
09:22:49.212321,4.006661078742573,-1.9559107938469924,80.23207310994795,-0.016520217085835665,0.05607350824427537
09:22:49.399492,4.007812847475911,-1.9515145687913915,80.20465066008371,-0.016523794464302053,0.0558667842479538
09:22:49.499379,4.004380573039442,-1.945220152214362,80.19671796420626,-0.01641612072083092,0.05562046652644967
09:22:49.609371,4.007963862831255,-1.948354419555669,80.23056753984793,-0.016723467491303268,0.05603167487308227
09:22:49.819433,4.008676130754802,-1.9441184791310548,80.3360861824295,-0.016780979376296357,0.05596866648058124
09:22:49.999347,4.009505232490448,-1.946630497574549,80.35332851925827,-0.016786065709979977,0.05628000919338991
09:22:50.109388,4.01559701216177,-1.9451803018284428,80.47531129856011,-0.017217755105774637,0.05637870591818813
09:22:50.319373,4.0181101546184514,-1.945504014774657,80.42796826744829,-0.017373895166579587,0.05655056045589077
09:22:50.579616,4.014502099014832,-1.9443157937759163,80.42167474665048,-0.01710233583363655,0.056537876084317006
09:22:50.659754,4.0106151553726805,-1.9454381106666065,80.44444683757735,-0.016892862529474913,0.05670831555440961
09:22:50.810214,4.0136904573635555,-1.9479907127462754,80.500294250533,-0.016814621705335715,0.057130143145819275
09:22:51.069263,4.012357119623815,-1.9448508436076866,80.59454338927881,-0.0167371252047984,0.05691333819679579
09:22:51.294924,4.009416368598516,-1.9434609684454593,80.56455334133166,-0.016609578473551267,0.057024524237406865
09:22:51.391665,4.00284497914814,-1.944056271392881,80.58336202415454,-0.016206925514715517,0.057131351033516846
09:22:51.671258,4.009424612176891,-1.9388566251171073,80.45185312168302,-0.016718456992615194,0.05695283436487325
09:22:51.808894,4.008320528799023,-1.9371306953666547,80.37757703109169,-0.01673405706050504,0.05705400305817354
09:22:52.244862,4.008379501719755,-1.9427207667019408,80.31304018467459,-0.01675405678599946,0.05760521383183416
09:22:52.572706,4.006616672097343,-1.9382433064095639,80.34975505205595,-0.01665834490191046,0.057375141611202905
09:22:52.867089,4.006822609738719,-1.933280586350112,80.32172428031342,-0.016710720945470055,0.057134072273677644
09:22:53.039702,4.006221965109216,-1.937531557670323,80.2840547296067,-0.01671083987734734,0.057476253274471735
09:22:53.327940,4.00743012377954,-1.9327122211805328,80.25837976821647,-0.01694580311080259,0.05727698095624653
09:22:53.566080,4.004763404816122,-1.934886736782512,80.23586405212453,-0.01681209930190837,0.057539343726665165
09:22:53.696731,4.011333294857575,-1.9346033534031275,80.29911883355298,-0.017239371804692163,0.05784610247563758
09:22:53.949298,4.011358406279424,-1.938025278489588,80.32552565215433,-0.01730403775473112,0.05812185011465776
09:22:54.049652,4.0124505152908245,-1.9398364957804617,80.25460257992424,-0.01746770723898984,0.058292435891026236
09:22:54.309309,4.011791882223907,-1.939918707327397,80.24807909280794,-0.017389875124218985,0.05841527455512895
09:22:54.395501,4.013181428932444,-1.9349795819417328,80.20788092367115,-0.01730619727826616,0.058153246559622084
09:22:54.634365,4.01943352187369,-1.9333548906729154,80.15140895402101,-0.01762326492940847,0.058329135548263196
09:22:54.829377,4.010102196521529,-1.9328412365176937,80.17311171768512,-0.017019123394765617,0.05842095589697102
09:22:54.909356,4.011535340626913,-1.9291559984023776,80.20864577911588,-0.017257236813567934,0.05830852939173661
09:22:55.149486,4.011397406956161,-1.9317921261180442,80.21345292762632,-0.01742564649913573,0.05855110707568319
09:22:55.342918,4.011516233493836,-1.9368816439883778,80.301883790235,-0.01733300889101145,0.05905471230381823
09:22:55.438620,4.002174589187145,-1.934415970471666,80.37626947248702,-0.01688301837336242,0.058912591156629
09:22:55.659472,4.002174589187145,-1.934415970471666,80.37626947248702,-0.017067530368281444,0.059133581580953436
09:22:55.819682,4.008121216317472,-1.940151368696974,80.36153158688131,-0.01727185568862316,0.05984178101531397
09:22:56.004775,4.001937709698921,-1.9469264882408523,80.3855164769695,-0.016694768853130572,0.06048653455989092
09:22:56.152930,3.9982344113080632,-1.9437262698591868,80.40550871536222,-0.016354599580213694,0.06018900419599099
09:22:56.354345,4.003688568428918,-1.9431557700814164,80.36078943158078,-0.016953362281659917,0.060375751498035694
09:22:56.895792,3.997213167427156,-1.9482664473190112,80.38977087064035,-0.01663567084629391,0.06071151869741717
09:22:57.049533,3.9930523367182955,-1.9527757062547857,80.37442257019943,-0.01657707461246988,0.06117655639210981
09:22:57.377274,3.992527067385587,-1.94766308565774,80.36752836048218,-0.016591738032082488,0.0608117646841999
09:22:57.478258,3.982407865565232,-1.952948155070154,80.33265624988992,-0.015989794569244504,0.06122844819990303
09:22:57.842309,3.978600295253138,-1.9547380736927515,80.40307661109657,-0.01567086813208051,0.06142094872489677
09:22:58.134686,3.985126136677981,-1.9607210066061938,80.29770532841927,-0.016136220096464912,0.06219520574630911
09:22:58.324428,3.988536890825625,-1.9528605879895804,80.26750592667517,-0.016341479198672758,0.06177110933678463
09:22:58.566624,3.9903814569890694,-1.9482833159159068,80.26778232639589,-0.01651394902812544,0.06157193872770689
09:22:58.779556,3.9918645840387494,-1.9502972718871585,80.2281438783619,-0.016563396271593547,0.061869038836624674
09:22:58.869530,3.9926910408280056,-1.9505095606237395,80.16759782958194,-0.016727170992283567,0.06192043918168785
09:22:58.959417,3.9799107849348063,-1.9515055347740133,80.19356151107824,-0.015885565885987104,0.061863460171110475
09:22:59.539573,3.980151836321994,-1.9495777353962949,80.14070760652419,-0.016009311249473877,0.0618698880023451
09:22:59.646158,3.9856683305704355,-1.9502646352100665,80.19010220679351,-0.01660378865870664,0.06214102281378664
09:22:59.954589,3.977368537062261,-1.9429169588862145,80.21545289008822,-0.016185606022214805,0.061631260568876946
09:23:00.044041,3.9826436985327573,-1.94571428396511,80.25944367687808,-0.01673066540352527,0.062058772184932595
09:23:00.234659,3.990231540208569,-1.9442427818435841,80.32281312920131,-0.017252965633266164,0.06228497896093049
09:23:00.338905,3.994309601812888,-1.9379566641870172,80.26079931219365,-0.01757987494821063,0.06211236584234191
09:23:00.549356,3.9799848865061778,-1.9357652603597237,80.24383442319845,-0.016752529702392313,0.06194478955024913
09:23:01.039856,3.9881534130007976,-1.941379606864723,80.31251359342943,-0.0174577618834819,0.06271948369760619
09:23:01.100625,3.994894214683032,-1.9354284742182797,80.23434946078454,-0.017992309518250815,0.062492176659853745
09:23:01.274280,4.002780909438893,-1.9284962179013279,80.31349730630198,-0.018631130065876578,0.06220766350926983
09:23:01.359487,4.013948391970889,-1.9223344827390396,80.35087020141236,-0.019492020559966905,0.06202536331679026
09:23:01.639478,4.00929260324922,-1.92706544450718,80.3715170339979,-0.019181292821572753,0.06244880040653541
09:23:01.737180,4.005661842161839,-1.9326962454144831,80.36054404633,-0.018935102256973417,0.06295138951043715
09:23:01.904563,4.006179626081702,-1.932618490494065,80.30209693842187,-0.019056730993251503,0.06309572990085527
09:23:02.099495,4.0011429210669,-1.9335608400528994,80.33055253069753,-0.018765646250238,0.06323798768259166
09:23:02.204258,4.003854109464814,-1.9299085452664135,80.28269808199943,-0.0191134626261113,0.06303065618453381
09:23:02.339616,3.9996382599810825,-1.931002468850923,80.21187921638652,-0.018992230728307524,0.06321436155057375
09:23:02.519661,4.000241927606648,-1.9283482612733245,80.27132743527206,-0.019132319534502243,0.06328438898483284
09:23:02.709697,4.001705012497892,-1.929767117559268,80.32852027654818,-0.0191962281276645,0.0635239681354373
09:23:02.894361,4.0020082835565765,-1.9288302022374224,80.25635760482174,-0.019188429645274566,0.06368838758176074
09:23:03.269265,4.003159726193491,-1.931044465531335,80.2518001509216,-0.01931808946866887,0.06410451745381898
09:23:03.459470,4.0043645723938965,-1.9285706978674397,80.30523111554335,-0.019412933323230894,0.06405787334934918
09:23:03.644343,4.006851633912105,-1.9267202813200044,80.37155136037849,-0.019685208851524423,0.06420336759385369
09:23:03.735089,4.012147612011686,-1.9280071388060929,80.32493731171152,-0.020009015253901377,0.06459784919247065
09:23:03.903509,4.01395117745247,-1.9254524121142762,80.38298194027172,-0.020259680660147363,0.06457217498749686
09:23:04.264706,4.014225430868527,-1.9232183892443688,80.39722316110833,-0.020394824623313115,0.06454985914846535
09:23:04.369526,4.013964701836561,-1.9212400307862494,80.3716237488504,-0.02037162521796905,0.0645278021438472
09:23:04.449287,4.0137308247536545,-1.9265902425569719,80.38936785689958,-0.020245784525392323,0.06514215801565372
09:23:04.589358,4.013153983192454,-1.9257476704872865,80.42992150319303,-0.020306625819828183,0.06520361889922445
09:23:04.879544,4.011657199783221,-1.9272584891970805,80.40189774731827,-0.020378256843838254,0.06545068633627874
09:23:05.029675,4.016628076822679,-1.9305898606030345,80.40613259608617,-0.020781554414751185,0.06589898057324457
09:23:05.201157,4.020525831801901,-1.9308920907202276,80.36096105485538,-0.021149753589657393,0.06610468800522135
09:23:05.459881,4.019328675866017,-1.9313083625792957,80.32079331685567,-0.0212563469192108,0.06627556227017578
09:23:05.714838,4.018706235710774,-1.9318908986539813,80.3250739346813,-0.021198866365805126,0.0663172834135524
09:23:05.869549,4.01687435543217,-1.9336653215776518,80.28579383322128,-0.021131563390405977,0.06656071495739345
09:23:06.059661,4.020457172912457,-1.9305833337365041,80.33677168399768,-0.021383082730358403,0.06661797171849558
09:23:06.269427,4.017867262086085,-1.9279747162914145,80.41274621102524,-0.02118453239139456,0.06662377291657741
09:23:06.369548,4.017053886948079,-1.9294309255322535,80.41916150745378,-0.02109391637162576,0.06682358409600618
09:23:06.579615,4.0167612160020045,-1.9289921767778901,80.34399713743929,-0.021171213383908677,0.06691739526222933
09:23:06.762907,4.011489379755934,-1.9223963943387106,80.33334097404637,-0.020938066675384674,0.06662002472294241
09:23:06.919354,4.013998435747598,-1.9265346805533947,80.37058643708724,-0.021155318575890782,0.06708973151943935
09:23:07.139548,4.006295996527503,-1.9306255613292354,80.37816592364481,-0.020736999225282916,0.06745539390811192
09:23:07.234258,4.004080959479227,-1.9352259642846308,80.41120090013663,-0.020803491158263278,0.06805598884699414
09:23:07.400810,4.001313333738802,-1.9347039354486204,80.55027356065187,-0.02068615167484381,0.06821621020442999
09:23:07.501699,4.002903880409735,-1.9346173383430478,80.50821063230872,-0.02089645261922045,0.06835806861849009
09:23:07.711669,4.00983762617892,-1.9358707296096966,80.46358691647563,-0.021487493681450025,0.06856490774757257
09:23:07.901070,4.005206037109891,-1.9348384694611307,80.48014971634841,-0.021264182279743672,0.06846575123469671
09:23:08.049436,4.008165158197004,-1.9346348391130421,80.46814275870626,-0.021564859711234202,0.06863069451336946
09:23:08.149435,4.011757708816638,-1.9373794967868476,80.40161310910553,-0.02188761937209052,0.06900300132861029
09:23:08.359502,4.011886451823787,-1.9377710683147722,80.42082749008598,-0.02197942522967553,0.06917002987549394
09:23:08.449376,4.013328077337822,-1.9349800115102562,80.37531339522815,-0.02210805510379388,0.0689983619817394
09:23:08.664664,4.016329140902705,-1.9309591158818677,80.31587150705009,-0.022463596731245965,0.06887786375206281
09:23:08.814514,4.01283619809223,-1.92982216329735,80.38061215135001,-0.022315875987408557,0.06888086230979965
09:23:08.934365,4.014238551020903,-1.933763954459494,80.41519818763062,-0.022339517560788665,0.06931044804920855
09:23:09.105609,4.010394210069398,-1.9338075893664861,80.3853717042133,-0.02223974221286377,0.06953307380928359
09:23:09.249545,4.010479976877421,-1.9337834740532995,80.45963660601699,-0.02222208718078789,0.06965032181120391
09:23:09.386774,4.0117735497610205,-1.93205614621525,80.3299549741107,-0.02242050607355247,0.06968249368353649
09:23:09.519598,4.009111774913031,-1.927263950457174,80.35512401622417,-0.022466237677860004,0.0695674076862635
09:23:09.663365,4.012176155762074,-1.9278641698731367,80.34759954502356,-0.0226583255276731,0.06976700216940587
09:23:09.839379,4.009713384664607,-1.9260040272483423,80.31822861905553,-0.022584394160266124,0.06974523121879916
09:23:09.979438,4.0075992872629635,-1.9266555876291496,80.32904552374282,-0.022485777053043866,0.07002143512095155
09:23:10.105605,4.0074518111756126,-1.9292846895077076,80.3481612107906,-0.022418210439467068,0.07032935758484374
09:23:10.259538,4.009554699250845,-1.9328667023004247,80.38489100600077,-0.022507222889268617,0.07072705963011584
09:23:10.489525,4.006121738983165,-1.9321262737099385,80.40331033545789,-0.022237825952942353,0.07075556447713843
09:23:10.631743,4.009018643223292,-1.933704347281622,80.31110323209346,-0.022513509416328494,0.07104834714961207
09:23:10.779564,4.009209993326108,-1.9394910080406154,80.3374683526133,-0.022550253779285455,0.07151191981723858
09:23:10.929510,4.015876909769164,-1.9352449530039506,80.32648544689219,-0.022953300112642672,0.0713841887864456
09:23:11.069435,4.013320022546351,-1.932346948616005,80.3857243503306,-0.022785179674207807,0.071251692124843
09:23:11.214328,4.002843748317029,-1.9312569523207526,80.40324589546083,-0.02221169593084978,0.07131593846665575
09:23:11.349654,3.9974071655298484,-1.928676055065973,80.38520141817789,-0.021935310707345043,0.07119825196925157
09:23:11.507306,3.998219342884968,-1.9276456522635899,80.36390395237966,-0.02197038157773952,0.07135517327991499
09:23:11.653131,3.99598605191929,-1.933142680539561,80.4330837154239,-0.021838757398024985,0.07176035940817467
09:23:11.738479,3.9994212242558733,-1.935978628644243,80.40379375044174,-0.0220313757684738,0.07212698900777674
09:23:11.984859,3.9993678658779457,-1.9380900079818897,80.39377847222393,-0.022070765548011673,0.0725276541737123
09:23:12.132511,3.9971517398059806,-1.9386491546209401,80.37417511921971,-0.02209622569969707,0.07270343781034101
09:23:12.225548,4.00525979343021,-1.9348543201839206,80.36932313134847,-0.022677426464972887,0.0728595896405835
09:23:12.419373,4.006473615034807,-1.934156124375329,80.35116924205889,-0.022737551468313022,0.0730454751196661
09:23:12.499630,4.006446480732272,-1.9383659380084994,80.43524793844206,-0.022671394191685266,0.07336544021119051
09:23:12.814711,4.002430815018686,-1.9397066751936303,80.50249783557481,-0.022430684595335235,0.07365998733577121
09:23:12.959508,3.9998304120773733,-1.942578784770231,80.4347518244313,-0.022308296063902344,0.07387092166687106
09:23:13.110773,3.9962156915681177,-1.9437739331673096,80.52282575489475,-0.02210677633635616,0.07406323158009605
09:23:13.279321,3.9943879305300816,-1.9448076569093233,80.52980743973212,-0.0221731257489535,0.07416768210386644
09:23:13.419400,3.990618113067259,-1.9408944399569092,80.53254297088422,-0.0220108535922665,0.07409142220365988
09:23:13.511059,3.992836439616232,-1.9394740446140846,80.41456478999994,-0.022389229735099166,0.074166925911958
09:23:13.711155,3.9965372221649056,-1.940404196697131,80.38381086746547,-0.022611131254016568,0.07450174124275505
09:23:13.923197,3.9966686089316954,-1.9418144218233528,80.36556945745403,-0.022685961364894407,0.07474992877379537
09:23:14.149394,3.9981018541656264,-1.9411251421537243,80.38608095650588,-0.02278851618102742,0.07473186037089632
09:23:14.329595,3.9935044022140005,-1.9417290803349139,80.37727291105593,-0.022510294766353498,0.0749742204904666
09:23:14.469515,3.994230330069108,-1.944832240458697,80.3340447029489,-0.022595071187391094,0.07545624621560955
09:23:14.619412,3.9895101295688016,-1.9423929531395285,80.2870936430475,-0.02237396118693814,0.0753506768664345
09:23:14.769794,3.990009407875295,-1.9428064610347966,80.3716120784796,-0.0224914281175946,0.07552480786563655
09:23:14.839586,3.993710227944864,-1.9432382884602395,80.36988503952415,-0.022837815219741587,0.07574594059132322
09:23:15.004271,3.994177140580093,-1.9465767043813103,80.3615851306926,-0.02291303496450341,0.07613870780867926
09:23:15.149522,3.995018843616481,-1.9452676907569026,80.33514103351108,-0.02305969662068052,0.07630136690639501
09:23:15.242220,3.9914741332226327,-1.9455842850679024,80.37248148882814,-0.022865858317046336,0.07652782600364455
09:23:15.447487,3.991735648252353,-1.9450775576557051,80.3243703448343,-0.02296871779801319,0.0766447824183638
09:23:15.653434,3.992768245156434,-1.9415708341343965,80.38400350172061,-0.02315110112411152,0.07665794857648733
09:23:15.899484,3.992470922136966,-1.9408894886764743,80.38629016275839,-0.02309572310151571,0.07683352643811371
09:23:15.971482,3.9953006512313602,-1.9381378146017803,80.35446842272665,-0.023404668210587155,0.07691505461885935
09:23:16.159356,3.9892588977474546,-1.9321694361282264,80.30573522309518,-0.023088848620104224,0.07676552046994002
09:23:16.240669,3.9889688925003033,-1.9275580267362007,80.29737443109006,-0.02317499971655086,0.07678478267112102
09:23:16.429574,3.989784603796553,-1.9309828969996623,80.31259504800946,-0.02316242838253951,0.07716933649732276
09:23:16.579349,3.9914427935767267,-1.932296571869255,80.33397488464587,-0.023348876133291976,0.07743033797568363
09:23:16.721196,3.99207782060378,-1.934851803033784,80.29845994725814,-0.02343827305031893,0.07786463905983265
09:23:16.860367,3.997054478553339,-1.937723043984794,80.21207970304707,-0.02385428265797216,0.07827003956572874
09:23:17.009651,3.9979726008154266,-1.9361345653198225,80.19336257542759,-0.02401442432266704,0.07840649698137724
09:23:17.159349,3.995343584950104,-1.9344443440228378,80.1564193271789,-0.023902736436167298,0.0785127406727081
09:23:17.314682,3.9995627067616923,-1.9353199314262142,80.1085068125041,-0.024174975713804146,0.07874649664059961
09:23:17.499449,3.9990569703431254,-1.9392324563848455,80.15452011538041,-0.024184312477831066,0.07914738785660423
09:23:17.979483,4.0004200058578245,-1.9416581362452392,80.15231449116622,-0.024228754864922687,0.07945893741480449
09:23:18.219400,3.9980159559716113,-1.948053890460335,80.20186515349523,-0.02405276682656958,0.08003769517026366
09:23:18.416919,4.000391367417267,-1.9476218119584512,80.25235959697665,-0.0240763744262619,0.08024557403754558
09:23:18.529522,3.999265855170618,-1.945440688794678,80.22725357314991,-0.02410886251677311,0.08020969102792685
09:23:18.631780,3.9984825734147678,-1.9486542515918863,80.21187162547288,-0.024210041308752945,0.08058986319596259
09:23:18.719430,4.001189958505669,-1.9506752428314054,80.16829909709094,-0.024353439993622168,0.08089564207917058
09:23:18.899696,3.998775673732515,-1.9520797325606223,80.1247213004996,-0.0242528365758345,0.08109769873028345
09:23:18.976306,4.004102352105898,-1.9503452120418736,80.18834203547154,-0.024537311145596555,0.08112455843288915
09:23:19.069422,3.998732278296583,-1.9511963166020014,80.22997446107937,-0.02414468332179672,0.08102100435417314
09:23:19.254578,3.9961753692659103,-1.9508998944823261,80.31119528612302,-0.024054097214993967,0.08109688774226119
09:23:19.429380,3.9981136368145003,-1.947871905904834,80.33035796707098,-0.0243199283328741,0.081037870055275
09:23:19.579614,4.000678998402787,-1.9449524068453035,80.2924614143533,-0.02475413798343374,0.08090820484200148
09:23:19.749297,3.9974802929818103,-1.946757106937818,80.24900856452442,-0.024586843343502397,0.08113721265982322
09:23:19.999241,3.998577157888135,-1.9407887817213538,80.2630451279556,-0.02468880972807589,0.08095942992478608
09:23:20.057945,4.002880249514053,-1.9417341122623162,80.22160718482371,-0.02482181917538001,0.08131204555470704
09:23:20.153625,4.000212087473075,-1.939835844611485,80.20023656094763,-0.024595389074489136,0.08147321302239989
09:23:20.279501,3.995803886004553,-1.9391898357104165,80.18980058399426,-0.024340989683260792,0.0816329774785475
09:23:20.451474,3.9996326995434814,-1.9428307259763007,80.21329733026765,-0.024562871331528343,0.08196072584837913
09:23:20.599256,3.9988612893090068,-1.9458784746209201,80.24916071751389,-0.02454945529927449,0.08231760189853793
09:23:20.829517,4.0041767082326984,-1.9455392301297807,80.24644213145851,-0.02502719764444981,0.08249622912858467
09:23:20.897642,4.0043507709550745,-1.945780984272286,80.27269679962967,-0.025007569493893548,0.08264098653375876
09:23:20.969592,4.003814770838369,-1.9440196000936616,80.34566250298928,-0.02508283048375181,0.0826363471010226
09:23:21.069282,4.00451204608712,-1.9482067365461855,80.35201734094373,-0.025086691889755767,0.0829427383218065
09:23:21.299491,4.003121893901885,-1.950448748812898,80.2834180674245,-0.025069609176757393,0.0831077270179318
09:23:21.469515,3.9983752640410417,-1.9533698156884007,80.38853722398339,-0.02477821279204217,0.08338886246225442
09:23:21.599426,3.9993652065758534,-1.9522994886146183,80.3448797484875,-0.02495098989592172,0.08345936617355215
09:23:21.675402,4.003350737105813,-1.9489880083610962,80.3831358600123,-0.025239773036496205,0.08349727466628139
09:23:21.899517,4.003767531696076,-1.9510684781545724,80.37153541582181,-0.025437985554951425,0.0838164898594638
09:23:22.059550,4.001524136618148,-1.9517051096375992,80.3670461439087,-0.025576282509374444,0.08400946977752435
09:23:22.239506,4.002427461402709,-1.9539232055283304,80.42421713748543,-0.025705717982255006,0.08431197414644982
09:23:22.469519,4.001346557250359,-1.953424710401555,80.3581186139514,-0.025721093968554314,0.08439906127658024
09:23:22.669445,4.001641409397696,-1.9550525476307605,80.39459679178954,-0.025809127349726062,0.08465839894320713
09:23:22.923617,4.001492229183463,-1.9584503594597473,80.50571900654398,-0.025749240561379384,0.08491093827318727
09:23:23.019607,3.9975862554682187,-1.9589123786024416,80.54937811145469,-0.02565761253310234,0.08505194948181402
09:23:23.119276,3.993720953032064,-1.9543758016945951,80.53836544247861,-0.025403047506718943,0.08480024531078398
09:23:23.214545,3.9983958195678104,-1.9529725788311214,80.50213256047117,-0.02582565008283659,0.08500849215014632
09:23:23.409342,4.00307525452044,-1.9502217781292015,80.51058766491893,-0.026065558694345587,0.08496471759533382
09:23:23.609392,3.9988546775791516,-1.9536327574773704,80.4933118333053,-0.025781530154004143,0.0854169008671154
09:23:23.659570,3.994994103484203,-1.9507949666634365,80.47659326186573,-0.025710482173462484,0.0854364829531459
09:23:23.741975,3.9916507474732827,-1.9520393918446888,80.45474246260082,-0.025405493103007704,0.08572269805071334
09:23:23.899588,3.9932770754493205,-1.9504836362317601,80.44280632222265,-0.025501109721077223,0.08585802782096538
09:23:24.059677,3.989627080053006,-1.9512113705434504,80.52256797798255,-0.025429406513788704,0.08601412659376302
09:23:24.269465,3.987148551395014,-1.953129107685479,80.51463989687294,-0.025419527193737204,0.08628579779844461
09:23:24.404635,3.9858317769062896,-1.9523214921162486,80.51241240597929,-0.025411087153259806,0.08636178394504035
09:23:24.604172,3.9903327433599127,-1.948108594553448,80.5536338256054,-0.025743707849992015,0.08634673466173491
09:23:24.739470,3.9926956693882953,-1.9495514273855028,80.53820172626621,-0.02598124905180463,0.08662386984162129
09:23:24.802716,3.9839158126284833,-1.9480839009665452,80.54153839983138,-0.025651606654666908,0.08669483393658202
09:23:25.030025,3.986495956396446,-1.950476913860216,80.46441427474258,-0.02578362854911138,0.08702451293415027
09:23:25.209708,3.9919263699575267,-1.9526068483140173,80.45377911237374,-0.026346032545461657,0.08740775014383718
09:23:25.430763,3.98931741141298,-1.951618268719498,80.42797221760385,-0.02650123859636865,0.08735960566130116
09:23:25.515485,3.9926147173542716,-1.9526841526339105,80.37556454514804,-0.026829406564159986,0.08750944072923882
09:23:25.699485,3.9912786200898256,-1.9580382100996858,80.40054305858953,-0.026766151924895502,0.08791545988323228
09:23:25.859422,3.9969092139826774,-1.9541285539823734,80.39048811240397,-0.027200539873940267,0.08781778318594169
09:23:26.034351,3.9987975422636866,-1.9524100311875119,80.33216638617185,-0.02747464208679351,0.08772654544075195
09:23:26.192472,3.9987269950349194,-1.951942062229318,80.33979811314519,-0.027446441969454255,0.08781664434368847
09:23:26.319291,4.002730965084831,-1.9472255115886246,80.34984727374245,-0.027777915669388538,0.08763386149036055
09:23:26.519434,4.0054218568557545,-1.9428581966560423,80.29601182581294,-0.02810444181079104,0.08749921499556636
09:23:26.609343,4.004274142451577,-1.94324567885992,80.33574456007958,-0.028127061268347603,0.08753222106362189
09:23:26.789291,4.004669906105636,-1.943060012044504,80.32359335862252,-0.028240440010204565,0.08766746945666931
09:23:27.034877,3.9998442101861977,-1.9448879359288704,80.28610396880786,-0.028055370963149244,0.08791113615045043
09:23:27.132606,4.001330975602186,-1.943934721205295,80.23897403617397,-0.028151767800265265,0.0879778657103867
